ISO3V10,Country_Territory_Island,CMR_10,CMR_11,CMR_12,CMR_13,CMR_14,CMR_15,CMR_16,CMR_17,CMR_18,CMR_19,CMR_20,CMR_21,CMR_22,CHMORT_PT_10,CHMORT_PT_11,CHMORT_PT_12,CHMORT_PT_13,CHMORT_PT_14,CHMORT_PT_15,CHMORT_PT_16,CHMORT_PT_17,CHMORT_PT_18,CHMORT_PT_19,CHMORT_PT_20,CHMORT_PT_21,CHMORT_PT_22,WAT_10,WAT_11,WAT_12,WAT_13,WAT_14,WAT_15,WAT_16,WAT_17,WAT_18,WAT_19,WAT_20,WAT_21,WAT_22,SAN_10,SAN_11,SAN_12,SAN_13,SAN_14,SAN_15,SAN_16,SAN_17,SAN_18,SAN_19,SAN_20,SAN_21,SAN_22,CHI_v2023_10,CHI_v2023_11,CHI_v2023_12,CHI_v2023_13,CHI_v2023_14,CHI_v2023_15,CHI_v2023_16,CHI_v2023_17,CHI_v2023_18,CHI_v2023_19,CHI_v2023_20,CHI_v2023_21,CHI_v2023_22
AFG,Afghanistan,25.20,23.66,22.18,20.77,19.41,18.14,17.01,15.99,15.10,14.30,13.56,12.82,12.82,65.10,67.22,69.28,71.23,73.11,74.88,76.44,77.85,79.09,80.19,81.22,82.24,82.24,48.83,51.47,54.15,56.86,59.60,62.37,65.17,68.01,70.88,73.78,76.72,79.69,82.18,35.48,37.16,38.86,40.56,42.28,44.00,45.73,47.48,49.23,51.00,52.65,54.30,55.95,49.80,51.95,54.10,56.22,58.33,60.42,62.45,64.44,66.40,68.33,70.20,72.08,73.46
ALB,Albania,1.44,1.33,1.24,1.16,1.10,1.07,1.05,1.04,1.04,1.05,1.05,1.05,1.05,98.01,98.16,98.29,98.39,98.47,98.52,98.55,98.56,98.56,98.55,98.54,98.54,98.54,91.38,91.81,92.23,92.63,93.02,93.39,93.75,94.10,94.44,94.76,95.07,95.08,95.09,95.17,95.70,96.21,96.71,97.19,97.65,98.11,98.55,98.97,99.18,99.30,99.30,99.30,94.85,95.22,95.58,95.91,96.23,96.52,96.80,97.07,97.32,97.50,97.64,97.64,97.65
DZA,Algeria,4.02,3.91,3.83,3.77,3.71,3.66,3.61,3.54,3.47,3.40,3.32,3.24,3.24,94.43,94.58,94.69,94.78,94.86,94.93,95.00,95.09,95.19,95.30,95.41,95.52,95.52,92.30,92.51,92.75,92.97,93.19,93.41,93.62,93.83,94.04,94.24,94.44,94.63,94.66,86.98,87.19,87.09,86.99,86.87,86.74,86.61,86.46,86.30,86.14,85.97,85.78,85.83,91.24,91.43,91.51,91.58,91.64,91.69,91.74,91.79,91.84,91.89,91.94,91.98,92.00
ASM,American Samoa,,,,,,,,,,,,,,,,,,,,,,,,,,,97.47,97.72,97.98,98.23,98.48,98.74,98.99,99.24,99.24,99.24,99.24,99.24,99.24,62.23,61.08,59.93,58.78,57.63,56.48,55.33,54.18,54.17,54.17,54.16,54.15,54.15,,,,,,,,,,,,,
AND,Andorra,0.34,0.30,0.27,0.24,0.21,0.18,0.16,0.15,0.14,0.13,0.12,0.11,0.11,99.53,99.58,99.63,99.67,99.71,99.75,99.77,99.79,99.81,99.82,99.83,99.84,99.84,100.00,100.00,100.00,100.00,100.00,100.00,100.00,100.00,100.00,100.00,100.00,100.00,100.00,100.00,100.00,100.00,100.00,100.00,100.00,100.00,100.00,100.00,100.00,100.00,100.00,100.00,99.84,99.86,99.88,99.89,99.90,99.92,99.92,99.93,99.94,99.94,99.94,99.95,99.95
AGO,Angola,47.89,43.98,40.35,37.12,34.51,32.32,30.45,28.84,27.35,25.96,24.59,23.36,23.36,33.66,39.08,44.12,48.58,52.21,55.24,57.82,60.06,62.11,64.04,65.94,67.64,67.64,50.38,51.17,51.97,52.76,53.54,54.32,55.08,55.84,56.59,56.88,57.17,57.45,57.72,41.06,42.33,43.59,44.85,46.12,47.37,48.63,49.88,51.12,51.39,51.66,51.92,52.18,41.70,44.19,46.56,48.73,50.62,52.31,53.85,55.26,56.61,57.44,58.26,59.00,59.18
AIA,Anguilla,0.31,0.28,0.25,0.23,0.21,0.19,0.18,0.17,0.16,0.15,0.14,0.13,0.13,99.57,99.61,99.65,99.68,99.71,99.73,99.75,99.77,99.78,99.80,99.80,99.82,99.82,97.18,97.28,97.38,97.48,97.48,97.48,97.48,97.48,97.48,97.48,97.48,97.48,97.48,95.33,95.78,96.24,96.70,96.70,96.70,96.70,96.70,96.70,96.70,96.70,96.70,96.70,97.36,97.56,97.76,97.96,97.96,97.97,97.98,97.98,97.99,97.99,98.00,98.00,98.00
ATG,Antigua and Barbuda,1.74,1.64,1.53,1.44,1.35,1.28,1.22,1.16,1.11,1.07,1.03,0.99,0.99,97.58,97.73,97.88,98.01,98.12,98.23,98.31,98.39,98.46,98.52,98.58,98.63,98.63,98.37,98.37,98.37,98.37,98.37,98.37,98.37,98.37,98.37,98.37,98.36,98.36,98.36,97.35,97.37,97.37,97.38,97.38,97.39,97.39,97.39,97.40,97.40,97.40,97.40,97.40,97.77,97.82,97.87,97.92,97.96,97.99,98.02,98.05,98.08,98.10,98.11,98.13,98.13
ARG,Argentina,1.56,1.51,1.45,1.39,1.33,1.27,1.21,1.14,1.05,0.96,0.86,0.77,0.77,97.84,97.91,98.00,98.08,98.16,98.23,98.32,98.42,98.54,98.67,98.80,98.93,98.93,98.43,98.62,98.81,98.86,98.92,98.98,99.04,99.04,99.04,99.04,99.04,99.04,99.04,92.31,92.77,93.23,93.62,94.02,94.42,94.82,94.82,94.82,94.82,94.82,94.82,94.82,96.19,96.44,96.68,96.86,97.03,97.21,97.39,97.43,97.47,97.51,97.56,97.60,97.60
ARM,Armenia,2.01,1.90,1.81,1.72,1.63,1.56,1.48,1.42,1.36,1.30,1.24,1.19,1.19,97.22,97.36,97.50,97.62,97.74,97.85,97.95,98.04,98.12,98.20,98.28,98.35,98.35,98.14,98.43,98.73,99.03,99.32,99.52,99.53,99.53,99.91,99.93,99.94,99.95,99.97,90.89,91.29,91.69,92.09,92.50,92.91,93.25,93.47,93.69,93.86,93.94,93.96,93.98,95.41,95.69,95.97,96.25,96.52,96.76,96.91,97.01,97.24,97.33,97.39,97.42,97.43
ABW,Aruba,,,,,,,,,,,,,,,,,,,,,,,,,,,97.31,97.59,97.87,97.87,97.87,97.87,97.87,97.87,97.87,97.87,97.87,97.87,97.87,98.37,98.41,98.45,98.49,98.52,98.56,98.60,98.64,98.68,98.72,98.76,98.80,98.84,,,,,,,,,,,,,
AUS,Australia,0.77,0.73,0.69,0.66,0.63,0.61,0.59,0.58,0.58,0.57,0.56,0.56,0.56,98.93,98.99,99.04,99.09,99.13,99.16,99.18,99.19,99.20,99.21,99.22,99.23,99.23,99.88,99.89,99.90,99.91,99.96,99.97,99.97,99.97,99.97,99.97,99.97,99.97,99.97,100.00,100.00,100.00,100.00,100.00,100.00,100.00,100.00,100.00,100.00,100.00,100.00,100.00,99.60,99.62,99.65,99.67,99.70,99.71,99.72,99.72,99.72,99.73,99.73,99.73,99.73
AUT,Austria,0.75,0.73,0.71,0.69,0.67,0.65,0.64,0.64,0.64,0.65,0.66,0.67,0.67,98.95,98.98,99.02,99.05,99.08,99.10,99.11,99.11,99.11,99.10,99.09,99.07,99.07,100.00,100.00,100.00,100.00,100.00,100.00,100.00,100.00,100.00,100.00,100.00,100.00,100.00,99.99,99.98,99.98,99.98,99.98,99.98,99.97,99.97,99.97,99.97,99.97,99.97,99.97,99.65,99.66,99.67,99.68,99.68,99.69,99.69,99.69,99.69,99.69,99.69,99.68,99.68
AZE,Azerbaijan,4.97,4.50,4.08,3.69,3.35,3.04,2.78,2.56,2.38,2.24,2.11,2.01,2.01,93.11,93.77,94.35,94.89,95.36,95.79,96.15,96.45,96.70,96.90,97.08,97.21,97.21,86.01,87.31,88.63,89.95,91.28,92.57,93.35,94.13,94.90,95.67,96.36,97.01,97.64,84.77,87.31,89.87,92.44,94.34,96.12,96.12,96.12,96.13,96.13,96.13,96.13,96.13,87.96,89.46,90.95,92.43,93.66,94.83,95.21,95.57,95.91,96.23,96.52,96.78,96.99
BHS,Bahamas,2.16,2.10,2.05,2.00,1.95,1.92,1.89,1.86,1.84,8.17,1.80,1.77,1.77,97.00,97.09,97.17,97.24,97.30,97.34,97.39,97.42,97.45,88.69,97.51,97.55,97.55,98.67,98.72,98.76,98.80,98.84,98.89,98.89,98.89,98.89,98.89,98.89,98.89,98.89,92.84,93.37,93.90,94.25,94.59,94.93,94.93,94.93,94.93,94.93,94.93,94.93,94.93,96.17,96.39,96.61,96.76,96.91,97.05,97.07,97.08,97.09,94.17,97.11,97.12,97.12
BHR,Bahrain,1.23,1.18,1.15,1.12,1.10,1.08,1.07,1.06,1.05,1.04,1.02,1.01,1.01,98.30,98.36,98.41,98.45,98.48,98.50,98.52,98.53,98.55,98.56,98.58,98.60,98.60,99.94,99.94,99.94,99.93,99.93,99.93,99.93,99.93,99.92,99.92,99.92,99.92,99.92,99.98,99.99,99.99,100.00,100.00,100.00,100.00,100.00,100.00,100.00,100.00,100.00,100.00,99.41,99.43,99.45,99.46,99.47,99.48,99.48,99.49,99.49,99.49,99.50,99.51,99.51
BGD,Bangladesh,10.67,9.87,9.14,8.47,7.83,7.24,6.67,6.14,5.67,5.22,4.82,4.47,4.47,85.23,86.32,87.34,88.27,89.16,89.98,90.76,91.49,92.15,92.78,93.32,93.81,93.81,96.55,96.71,96.86,97.01,97.16,97.30,97.44,97.57,97.70,97.83,97.95,98.03,98.10,40.64,42.27,43.89,45.50,47.10,48.68,50.26,51.82,53.37,54.91,56.43,57.94,59.30,74.14,75.10,76.03,76.93,77.80,78.65,79.49,80.30,81.08,81.84,82.57,83.26,83.73
BRB,Barbados,1.20,1.17,1.14,1.11,1.08,1.05,1.02,0.98,0.95,0.92,0.89,0.87,0.87,98.34,98.39,98.42,98.47,98.50,98.55,98.59,98.64,98.68,98.73,98.76,98.80,98.80,98.42,98.43,98.44,98.45,98.46,98.47,98.48,98.49,98.50,98.51,98.51,98.51,98.51,93.85,94.35,94.86,95.36,95.86,96.36,96.86,97.28,97.28,98.09,98.09,98.09,98.09,96.87,97.06,97.24,97.43,97.61,97.79,97.98,98.14,98.16,98.44,98.46,98.47,98.47
BLR,Belarus,1.34,1.25,1.17,1.11,1.05,0.99,0.94,0.89,0.83,0.78,0.72,0.68,0.68,98.15,98.27,98.38,98.47,98.55,98.62,98.70,98.77,98.85,98.93,99.00,99.06,99.06,98.30,98.30,98.31,98.31,98.32,98.33,98.34,98.36,98.37,98.39,98.65,99.19,99.18,95.09,95.54,96.00,96.47,96.94,97.41,97.89,98.37,98.85,99.34,99.49,99.54,99.56,97.18,97.37,97.56,97.75,97.94,98.12,98.31,98.50,98.69,98.89,99.05,99.26,99.27
BEL,Belgium,0.79,0.78,0.76,0.74,0.73,0.72,0.72,0.72,0.72,0.72,0.73,0.72,0.72,98.90,98.93,98.95,98.97,98.99,99.00,99.01,99.00,99.00,99.00,98.99,99.00,99.00,100.00,100.00,100.00,100.00,100.00,100.00,100.00,100.00,100.00,100.00,100.00,100.00,100.00,99.49,99.49,99.49,99.49,99.49,99.49,99.49,99.49,99.49,99.49,99.49,99.49,99.49,99.46,99.47,99.48,99.49,99.49,99.50,99.50,99.50,99.50,99.49,99.49,99.50,99.50
BLZ,Belize,2.77,2.66,2.54,2.41,2.29,2.17,2.05,1.93,1.83,1.73,1.65,1.59,1.59,96.17,96.31,96.48,96.66,96.83,97.00,97.16,97.32,97.47,97.60,97.71,97.80,97.80,93.94,94.59,95.24,95.89,96.54,97.18,97.58,97.99,98.40,98.40,98.40,98.40,98.41,85.63,85.94,86.26,86.57,86.89,87.21,87.53,87.86,88.18,88.20,88.21,88.23,88.25,91.91,92.28,92.66,93.04,93.42,93.80,94.09,94.39,94.68,94.73,94.77,94.81,94.82
BEN,Benin,42.45,41.32,40.21,39.10,38.02,36.91,35.82,34.76,33.64,32.44,31.21,30.01,30.01,41.20,42.77,44.30,45.84,47.34,48.87,50.38,51.86,53.41,55.06,56.77,58.44,58.44,64.52,64.78,65.03,65.28,65.52,65.76,66.00,66.23,66.45,66.67,66.89,67.13,67.36,13.36,13.90,14.45,15.01,15.59,16.18,16.77,17.38,18.00,18.63,19.27,19.38,19.49,39.69,40.48,41.26,42.04,42.82,43.60,44.38,45.15,45.95,46.79,47.64,48.32,48.43
BMU,Bermuda,,,,,,,,,,,,,,,,,,,,,,,,,,,99.92,99.91,99.90,99.90,99.90,99.90,99.90,99.90,99.90,99.90,99.90,99.90,99.90,99.96,99.96,99.95,99.95,99.95,99.95,99.95,99.94,99.94,99.94,99.94,99.94,99.94,,,,,,,,,,,,,
BTN,Bhutan,8.54,7.84,7.26,6.75,6.29,5.92,5.58,5.27,5.01,4.76,4.53,4.33,4.33,88.18,89.14,89.95,90.65,91.28,91.80,92.27,92.70,93.06,93.40,93.72,94.00,94.00,92.92,93.87,94.80,95.71,96.61,97.49,98.19,98.66,98.76,98.87,98.98,99.13,99.13,62.63,64.16,65.67,67.14,68.59,70.00,71.39,72.76,74.09,75.40,76.69,77.95,77.94,81.24,82.39,83.47,84.50,85.49,86.43,87.28,88.04,88.64,89.23,89.80,90.36,90.36
BOL,Bolivia,9.02,8.32,7.69,7.13,6.64,6.21,5.85,5.55,5.27,5.02,4.81,4.60,4.60,87.50,88.47,89.36,90.13,90.81,91.40,91.90,92.31,92.69,93.04,93.34,93.63,93.63,87.44,88.06,88.66,89.25,89.82,90.38,90.94,91.49,92.04,92.57,93.09,93.60,94.11,48.09,49.77,51.47,53.18,54.90,56.64,58.40,60.18,61.99,63.82,65.67,67.54,68.61,74.34,75.43,76.50,77.52,78.51,79.47,80.41,81.33,82.24,83.14,84.03,84.92,85.45
BES,"Bonaire, Sint Eustatius and Saba",,,,,,,,,,,,,,,,,,,,,,,,,,,99.28,99.34,99.41,99.48,99.54,99.61,99.67,99.74,99.80,99.87,99.93,100.00,100.00,94.80,94.87,94.95,95.02,95.10,95.17,95.25,95.32,95.40,95.40,95.40,95.40,95.40,,,,,,,,,,,,,
BIH,Bosnia and Herzegovina,0.94,0.90,0.88,0.86,0.85,0.84,0.83,0.83,0.82,0.80,0.78,0.76,0.76,98.70,98.75,98.79,98.81,98.83,98.84,98.84,98.85,98.87,98.89,98.92,98.95,98.95,96.67,96.59,96.45,96.35,96.17,96.16,96.15,96.14,96.13,96.12,96.11,96.10,96.09,95.22,95.24,95.25,95.27,95.29,95.31,95.34,95.36,95.39,95.39,95.39,95.39,95.39,96.86,96.86,96.83,96.81,96.76,96.77,96.78,96.79,96.80,96.80,96.80,96.81,96.81
BWA,Botswana,15.02,13.97,12.87,10.99,9.86,9.12,8.50,7.94,8.27,8.06,7.52,6.75,6.75,79.20,80.65,82.18,84.77,86.34,87.37,88.23,89.00,88.54,88.83,89.58,90.66,90.66,83.08,84.38,85.47,86.51,87.52,88.51,89.48,90.42,91.33,92.22,92.34,92.45,92.57,66.84,68.59,70.15,71.68,73.22,74.76,76.02,77.27,78.51,79.75,80.03,80.29,80.55,76.37,77.87,79.26,80.99,82.36,83.55,84.57,85.56,86.13,86.94,87.32,87.80,87.92
BRA,Brazil,2.02,1.93,1.86,1.80,1.76,1.72,1.69,1.66,1.63,1.61,1.59,1.56,1.56,97.20,97.32,97.42,97.50,97.57,97.62,97.66,97.70,97.74,97.77,97.80,97.84,97.84,96.52,96.79,97.05,97.31,97.56,97.80,97.96,98.45,98.68,98.94,99.32,99.59,99.59,81.85,82.70,83.54,84.38,85.21,86.04,86.86,87.68,88.49,89.30,90.08,90.81,90.88,91.86,92.27,92.67,93.06,93.44,93.82,94.16,94.61,94.97,95.33,95.73,96.08,96.11
VGB,British Virgin Islands,0.88,0.85,0.81,0.78,0.74,0.70,0.67,0.63,0.61,0.59,0.57,0.55,0.55,98.78,98.83,98.87,98.92,98.97,99.02,99.07,99.12,99.15,99.19,99.22,99.24,99.24,99.10,99.48,99.86,99.86,99.86,99.86,99.86,99.86,99.86,99.86,99.86,99.86,99.86,96.85,96.85,96.86,96.86,96.86,96.86,96.86,96.86,96.86,96.86,96.86,96.86,96.86,98.24,98.39,98.53,98.55,98.56,98.58,98.60,98.62,98.63,98.64,98.65,98.66,98.66
BRN,Brunei Darussalam,1.78,1.78,1.79,1.80,1.81,1.83,1.84,1.86,1.87,1.88,1.88,1.86,1.86,97.54,97.54,97.52,97.51,97.49,97.47,97.45,97.43,97.41,97.40,97.40,97.43,97.43,99.90,99.90,99.90,99.90,99.90,99.90,99.90,99.90,99.90,99.90,99.90,99.90,99.90,84.88,86.10,87.31,88.53,89.75,90.96,92.18,93.40,94.61,95.83,97.05,98.26,99.48,94.11,94.51,94.91,95.31,95.71,96.11,96.51,96.91,97.31,97.71,98.12,98.53,98.94
BGR,Bulgaria,1.78,1.70,1.61,1.51,1.42,1.33,1.26,1.20,1.15,1.11,1.08,1.06,1.06,97.53,97.64,97.77,97.91,98.04,98.16,98.25,98.33,98.40,98.46,98.51,98.54,98.54,99.43,99.40,99.36,99.33,99.30,99.26,99.23,99.20,99.17,99.14,99.12,99.09,99.06,85.93,85.94,85.95,85.96,85.97,85.98,85.99,86.00,86.01,86.02,86.04,86.05,86.06,94.30,94.33,94.36,94.40,94.44,94.47,94.49,94.51,94.53,94.54,94.55,94.56,94.55
BFA,Burkina Faso,57.56,54.42,51.61,48.90,46.32,43.99,41.82,39.84,37.87,35.94,34.18,32.52,32.52,20.28,24.61,28.51,32.27,35.84,39.06,42.07,44.82,47.55,50.21,52.66,54.96,54.96,53.42,52.91,52.40,51.90,51.41,50.91,50.43,49.95,49.47,49.00,48.54,49.02,49.51,17.59,18.24,18.87,19.48,20.08,20.66,21.23,21.78,22.31,22.82,23.32,24.04,24.76,30.43,31.92,33.26,34.55,35.78,36.88,37.91,38.85,39.78,40.68,41.51,42.67,43.07
BDI,Burundi,33.60,31.00,28.55,26.29,24.35,22.62,21.05,19.72,18.50,17.43,16.47,15.56,15.56,53.46,57.06,60.46,63.58,66.28,68.67,70.85,72.68,74.38,75.86,77.19,78.45,78.45,56.52,57.13,57.74,58.35,58.96,59.58,60.20,60.83,61.46,62.09,62.21,62.32,62.44,45.93,45.93,45.92,45.91,45.90,45.88,45.85,45.82,45.79,45.75,45.73,45.71,45.69,51.97,53.37,54.70,55.95,57.04,58.04,58.97,59.78,60.54,61.23,61.71,62.16,62.19
CPV,Cabo Verde,4.28,4.05,3.79,3.48,3.19,2.91,2.65,2.42,2.26,2.12,2.01,1.91,1.91,94.07,94.38,94.76,95.18,95.59,95.97,96.33,96.65,96.88,97.07,97.22,97.36,97.36,83.06,83.47,83.87,84.28,84.69,85.37,86.24,87.11,87.96,88.59,89.18,89.83,89.87,59.68,61.80,63.95,66.10,68.24,70.37,72.50,74.61,76.72,78.82,80.92,83.00,83.05,78.94,79.88,80.86,81.85,82.84,83.90,85.02,86.12,87.19,88.16,89.11,90.06,90.09
KHM,Cambodia,6.81,6.13,5.60,5.18,4.86,4.59,4.37,4.18,4.02,3.88,3.73,3.58,3.58,90.57,91.51,92.24,92.82,93.27,93.64,93.95,94.21,94.43,94.63,94.83,95.04,95.04,65.87,67.03,68.17,69.28,70.36,71.41,72.43,73.43,74.39,75.34,76.25,77.07,78.01,38.03,41.17,44.34,47.52,50.72,53.94,57.17,60.42,63.68,66.96,70.25,73.55,76.72,64.82,66.57,68.25,69.87,71.45,73.00,74.52,76.02,77.50,78.97,80.44,81.89,83.25
CMR,Cameroon,44.64,42.15,39.81,37.55,35.03,32.91,30.76,29.11,27.64,26.30,25.16,23.96,23.96,38.17,41.62,44.86,47.99,51.48,54.42,57.40,59.68,61.71,63.57,65.16,66.81,66.81,63.16,63.76,64.34,64.91,65.46,66.00,66.52,67.02,67.52,67.99,68.45,68.90,69.59,40.20,40.44,40.68,40.92,41.16,41.41,41.65,41.90,42.15,42.40,42.65,42.91,43.12,47.18,48.61,49.96,51.27,52.70,53.94,55.19,56.20,57.13,57.99,58.75,59.54,59.84
CAN,Canada,0.77,0.75,0.74,0.72,0.71,0.69,0.68,0.67,0.66,0.64,0.63,0.62,0.62,98.94,98.96,98.98,99.00,99.02,99.04,99.06,99.07,99.09,99.11,99.12,99.14,99.14,99.24,99.24,99.23,99.23,99.23,99.23,99.23,99.23,99.22,99.22,99.22,99.22,99.22,99.51,99.43,99.35,99.26,99.18,99.09,99.01,98.93,98.84,98.76,98.67,98.59,98.59,99.23,99.21,99.19,99.17,99.14,99.12,99.10,99.07,99.05,99.03,99.01,98.98,98.98
CYM,Cayman Islands,,,,,,,,,,,,,,,,,,,,,,,,,,,95.95,95.91,95.88,95.84,95.80,95.76,95.72,95.69,95.65,95.61,95.57,95.54,95.50,83.50,83.48,83.47,83.45,83.43,83.41,83.39,83.37,83.35,83.33,83.31,83.29,83.27,,,,,,,,,,,,,
CAF,Central African Republic,42.59,40.72,38.99,37.45,36.36,34.75,32.93,31.87,30.94,29.60,27.97,26.49,26.49,41.00,43.59,45.99,48.13,49.64,51.87,54.38,55.86,57.15,59.00,61.26,63.31,63.31,47.61,46.53,45.46,44.40,43.35,42.31,41.28,40.25,39.23,38.21,37.20,36.20,36.30,17.90,17.50,17.11,16.73,16.34,15.96,15.59,15.22,14.85,14.48,14.12,13.76,13.85,35.51,35.88,36.19,36.42,36.45,36.72,37.08,37.11,37.08,37.23,37.53,37.75,37.82
TCD,Chad,69.95,67.37,64.90,62.50,60.21,57.80,55.48,53.01,50.62,48.35,46.02,43.92,43.92,3.11,6.68,10.10,13.43,16.60,19.95,23.16,26.57,29.89,33.03,36.26,39.17,39.17,44.58,45.20,45.83,46.47,47.12,47.78,48.45,49.12,49.81,50.50,51.20,51.90,52.00,10.61,10.75,10.90,11.07,11.24,11.42,11.62,11.83,12.05,12.29,12.55,12.82,12.92,19.43,20.88,22.28,23.66,24.99,26.38,27.74,29.17,30.58,31.94,33.34,34.63,34.70
CHL,Chile,1.29,1.26,1.24,1.21,1.19,1.16,1.14,1.11,1.07,1.03,0.99,0.94,0.94,98.21,98.25,98.29,98.32,98.35,98.39,98.43,98.47,98.51,98.57,98.63,98.69,98.69,98.33,98.57,98.80,99.04,99.27,99.51,99.74,99.97,100.00,100.00,100.00,100.00,100.00,97.10,97.57,98.03,98.49,98.94,99.37,99.67,100.00,100.00,100.00,100.00,100.00,100.00,97.88,98.13,98.37,98.62,98.86,99.09,99.28,99.48,99.50,99.52,99.54,99.56,99.56
CHN,China,3.29,3.11,2.94,2.78,2.64,2.51,2.39,2.28,2.18,2.08,1.98,1.89,1.89,95.44,95.70,95.93,96.15,96.34,96.52,96.69,96.84,96.98,97.12,97.25,97.38,97.38,88.71,89.58,90.41,91.21,91.97,92.71,93.41,94.08,94.71,95.32,95.89,96.69,97.65,75.80,77.65,79.46,81.25,83.00,84.72,86.41,88.07,89.69,91.29,92.85,94.39,95.89,86.65,87.64,88.60,89.53,90.44,91.32,92.17,93.00,93.80,94.58,95.33,96.15,96.97
COL,Colombia,2.67,2.56,2.46,2.37,2.29,2.21,2.13,2.06,1.99,1.93,1.87,1.81,1.81,96.31,96.45,96.59,96.72,96.83,96.94,97.05,97.14,97.24,97.32,97.42,97.49,97.49,94.82,95.08,95.33,95.58,95.82,96.06,96.30,96.53,96.74,96.89,97.04,97.39,97.54,84.31,85.19,86.07,86.94,87.82,88.69,89.56,90.42,91.29,92.15,93.01,93.87,94.73,91.81,92.24,92.66,93.08,93.49,93.90,94.30,94.70,95.09,95.46,95.82,96.25,96.59
COM,Comoros,19.14,18.18,17.29,16.44,15.59,14.77,13.98,13.25,12.57,11.95,11.37,10.85,10.85,73.49,74.82,76.05,77.23,78.41,79.54,80.63,81.65,82.59,83.44,84.25,84.98,84.98,83.41,82.60,81.79,81.00,80.21,80.13,80.15,80.17,80.19,80.21,80.21,80.21,80.21,34.33,34.53,34.69,34.80,34.87,35.82,35.83,35.86,35.88,35.91,35.91,35.91,35.91,63.74,63.98,64.18,64.34,64.49,65.16,65.54,65.89,66.22,66.52,66.79,67.03,67.03
COG,Congo,20.02,18.96,18.10,17.27,16.47,15.64,14.82,14.10,13.36,17.21,12.01,11.35,11.35,72.27,73.74,74.93,76.08,77.18,78.34,79.47,80.47,81.50,76.16,83.37,84.28,84.28,65.89,66.95,68.01,69.06,70.11,71.15,72.19,73.22,73.41,73.60,73.78,73.97,73.97,16.08,16.63,17.18,17.76,18.34,18.94,19.55,20.17,20.27,20.36,20.46,20.55,20.55,51.42,52.44,53.37,54.30,55.21,56.14,57.07,57.95,58.39,56.71,59.20,59.60,59.60
COK,Cook Islands,1.54,1.48,1.42,1.37,1.32,1.27,1.23,1.19,1.15,1.11,1.08,1.04,1.04,97.87,97.96,98.03,98.10,98.17,98.24,98.29,98.35,98.41,98.46,98.51,98.55,98.55,99.92,99.93,99.94,99.94,99.95,99.95,99.96,99.97,99.97,99.97,99.97,99.97,99.97,83.83,84.03,84.23,84.43,84.63,84.83,85.04,85.24,85.44,85.44,85.44,85.44,85.44,93.87,93.97,94.07,94.16,94.25,94.34,94.43,94.52,94.61,94.62,94.64,94.65,94.65
CRI,Costa Rica,1.38,1.32,1.33,1.40,1.44,1.39,1.28,1.14,1.03,1.04,1.19,1.41,1.41,98.10,98.18,98.15,98.05,98.01,98.07,98.22,98.42,98.57,98.56,98.35,98.04,98.04,98.05,98.30,98.56,98.81,99.04,99.26,99.47,99.66,99.78,99.80,99.81,99.81,99.81,95.92,96.17,96.41,96.64,96.86,97.07,97.27,97.47,97.67,97.85,98.03,98.21,98.38,97.36,97.55,97.71,97.83,97.97,98.13,98.32,98.52,98.67,98.74,98.73,98.69,98.75
CIV,Cote d'Ivoire,34.11,32.47,31.26,29.80,28.14,26.66,25.47,24.50,23.22,22.02,20.99,20.05,20.05,52.76,55.02,56.70,58.72,61.03,63.08,64.71,66.06,67.84,69.50,70.92,72.22,72.22,71.74,71.83,71.93,72.02,72.11,72.20,72.28,72.37,72.46,72.54,72.63,72.74,72.85,27.56,28.33,29.11,29.89,30.69,31.49,32.30,33.12,33.94,34.78,35.62,36.29,36.96,50.69,51.73,52.58,53.55,54.61,55.59,56.43,57.18,58.08,58.94,59.72,60.42,60.68
HRV,Croatia,0.80,0.78,0.76,0.75,0.74,0.74,0.73,0.73,0.73,0.72,0.72,0.72,0.72,98.89,98.92,98.94,98.96,98.97,98.98,98.98,98.99,98.99,99.00,99.00,99.00,99.00,,,,,,,,,,,,,,96.78,96.60,96.41,96.23,96.05,96.08,96.10,96.13,96.14,96.15,96.16,96.17,96.17,,,,,,,,,,,,,
CUB,Cuba,1.30,1.26,1.23,1.20,1.17,1.15,1.12,1.10,1.08,1.06,1.04,1.01,1.01,98.20,98.25,98.29,98.33,98.37,98.41,98.44,98.47,98.50,98.53,98.56,98.60,98.60,93.08,93.21,93.33,93.45,93.56,93.68,93.80,93.91,94.03,94.15,94.27,94.56,94.65,86.23,86.72,87.21,87.70,88.19,88.68,89.17,89.67,90.16,90.66,91.15,91.65,92.15,92.51,92.73,92.95,93.16,93.38,93.59,93.80,94.02,94.23,94.45,94.66,94.94,95.13
CUW,Curacao,,,,,,,,,,,,,,,,,,,,,,,,,,,99.31,99.37,99.44,99.50,99.50,99.50,99.50,99.50,99.50,99.50,99.50,99.50,99.50,98.75,98.82,98.88,98.95,98.95,98.95,98.95,98.95,98.95,98.95,98.95,98.95,98.95,,,,,,,,,,,,,
CYP,Cyprus,0.53,0.51,0.49,0.48,0.47,0.46,0.46,0.47,0.48,0.49,0.50,0.50,0.50,99.27,99.29,99.32,99.34,99.35,99.36,99.36,99.35,99.34,99.32,99.31,99.31,99.31,99.83,99.82,99.81,99.80,99.80,99.79,99.78,99.77,99.77,99.77,99.77,99.77,99.77,99.57,99.55,99.53,99.51,99.48,99.46,99.44,99.42,99.40,99.40,99.40,99.40,99.40,99.56,99.55,99.55,99.55,99.54,99.54,99.53,99.51,99.50,99.49,99.49,99.49,99.49
CZE,Czechia,0.65,0.63,0.62,0.62,0.62,0.62,0.62,0.63,0.62,0.60,0.57,0.55,0.55,99.09,99.12,99.14,99.15,99.15,99.14,99.13,99.13,99.15,99.17,99.20,99.24,99.24,99.86,99.86,99.87,99.87,99.88,99.88,99.88,99.88,99.88,99.88,99.88,99.88,99.88,99.13,99.13,99.13,99.14,99.14,99.14,99.14,99.14,99.14,99.14,99.14,99.14,99.14,99.36,99.37,99.38,99.39,99.39,99.39,99.38,99.38,99.39,99.40,99.41,99.42,99.42
PRK,Democratic People's Republic of Korea,6.64,6.38,6.07,5.76,5.47,5.21,4.97,4.74,4.52,4.32,4.96,5.33,5.33,90.80,91.16,91.60,92.02,92.42,92.78,93.12,93.44,93.74,94.02,93.13,92.62,92.62,97.01,96.65,96.29,95.93,95.57,95.21,94.86,94.51,94.17,93.82,93.84,93.87,93.89,78.03,78.75,79.47,80.20,80.93,81.67,82.41,83.16,83.92,84.62,84.67,84.71,84.77,88.62,88.85,89.12,89.38,89.64,89.89,90.13,90.37,90.61,90.82,90.55,90.40,90.42
COD,Democratic Republic of the Congo,33.47,31.50,29.67,28.03,26.42,24.96,23.64,22.28,21.02,19.85,18.77,17.69,17.69,53.64,56.37,58.90,61.18,63.41,65.42,67.26,69.14,70.88,72.50,74.00,75.49,75.49,36.90,36.80,36.69,36.57,36.44,36.30,36.16,36.01,35.85,35.68,35.50,35.31,35.12,19.50,19.12,18.75,18.40,18.04,17.70,17.37,17.04,16.73,16.42,16.12,16.15,16.17,36.68,37.43,38.11,38.71,39.30,39.81,40.26,40.73,41.15,41.53,41.87,42.32,42.26
DNK,Denmark,0.63,0.62,0.61,0.60,0.60,0.58,0.57,0.55,0.53,0.51,0.49,0.48,0.48,99.12,99.14,99.16,99.17,99.18,99.19,99.21,99.23,99.26,99.29,99.31,99.34,99.34,100.00,100.00,100.00,100.00,100.00,100.00,100.00,100.00,100.00,100.00,100.00,100.00,100.00,99.60,99.60,99.60,99.60,99.60,99.60,99.60,99.60,99.60,99.60,99.60,99.60,99.60,99.57,99.58,99.58,99.59,99.59,99.60,99.60,99.61,99.62,99.63,99.64,99.65,99.65
DJI,Djibouti,14.99,14.34,13.70,13.03,12.44,11.79,11.27,10.75,10.20,9.65,9.15,8.69,8.69,79.24,80.14,81.02,81.95,82.77,83.67,84.39,85.11,85.87,86.64,87.33,87.96,87.96,75.62,75.65,75.67,75.71,75.75,75.79,75.83,75.88,75.94,76.00,76.05,76.11,76.17,54.93,56.23,57.52,58.82,60.12,61.42,62.72,64.02,65.33,66.64,66.72,66.81,66.91,69.93,70.67,71.41,72.16,72.88,73.62,74.32,75.01,75.71,76.42,76.70,76.96,77.01
DMA,Dominica,3.31,3.39,3.48,3.57,3.66,3.75,3.83,3.89,3.94,3.98,4.00,4.00,4.00,95.41,95.30,95.18,95.05,94.93,94.81,94.70,94.61,94.54,94.49,94.46,94.46,94.46,95.05,95.18,95.30,95.42,95.42,95.42,95.42,95.42,95.42,95.42,95.42,95.42,95.42,76.60,77.86,79.11,80.37,80.37,80.37,80.37,80.37,80.37,80.37,80.37,80.37,80.37,89.02,89.44,89.86,90.28,90.24,90.20,90.16,90.13,90.11,90.09,90.08,90.08,90.08
DOM,Dominican Republic,6.46,6.43,6.42,6.41,6.42,6.42,6.42,6.40,6.32,6.21,6.06,5.87,5.87,91.06,91.09,91.10,91.11,91.11,91.11,91.11,91.13,91.24,91.40,91.61,91.87,91.87,94.18,94.44,94.69,94.93,95.16,95.37,95.58,95.78,95.96,96.14,96.31,96.70,96.75,82.53,83.07,83.60,84.13,84.65,85.17,85.68,86.19,86.70,87.20,87.70,88.19,88.68,89.25,89.54,89.80,90.06,90.31,90.55,90.79,91.03,91.30,91.58,91.87,92.26,92.44
ECU,Ecuador,2.77,2.62,2.48,2.36,2.26,2.17,2.10,2.02,1.96,1.89,1.82,1.76,1.76,96.16,96.37,96.56,96.73,96.87,96.99,97.10,97.20,97.29,97.39,97.48,97.57,97.57,89.53,90.24,90.95,91.65,92.36,93.06,93.77,94.31,94.66,95.01,95.36,95.68,95.70,80.38,81.48,82.58,83.68,84.78,85.88,86.98,88.09,89.13,90.00,90.87,91.74,92.27,88.69,89.36,90.03,90.69,91.33,91.98,92.62,93.20,93.69,94.13,94.57,95.00,95.18
EGY,Egypt,4.83,4.54,4.27,4.03,3.81,3.62,3.43,3.28,3.14,3.01,2.88,2.77,2.77,93.32,93.71,94.08,94.42,94.72,94.99,95.24,95.45,95.65,95.83,96.01,96.16,96.16,98.54,98.57,98.60,98.63,98.66,98.69,98.72,98.75,98.76,98.76,98.77,98.77,98.77,94.37,94.68,94.99,95.30,95.62,95.93,96.25,96.56,96.88,97.20,97.52,97.52,97.53,95.41,95.65,95.89,96.12,96.33,96.54,96.74,96.92,97.09,97.26,97.43,97.49,97.49
SLV,El Salvador,2.83,2.66,2.51,2.38,2.28,2.18,2.09,2.01,1.94,1.88,1.81,1.75,1.75,96.07,96.31,96.52,96.70,96.85,96.98,97.10,97.21,97.31,97.40,97.49,97.57,97.57,89.58,90.76,91.92,93.05,94.15,95.24,96.21,96.81,97.38,97.82,98.03,98.19,98.59,83.75,84.13,84.49,84.85,85.20,85.54,85.87,86.20,86.51,86.82,87.12,87.39,87.55,89.80,90.40,90.98,91.53,92.07,92.59,93.06,93.40,93.74,94.01,94.22,94.39,94.57
GNQ,Equatorial Guinea,34.90,33.30,31.68,30.31,28.90,27.63,26.35,25.13,23.96,22.83,21.78,20.77,20.77,51.66,53.88,56.11,58.02,59.97,61.72,63.50,65.19,66.81,68.38,69.83,71.23,71.23,60.44,61.63,62.85,63.67,63.93,64.18,64.43,64.67,64.67,64.67,64.67,64.67,64.67,63.83,64.63,65.41,66.05,66.12,66.18,66.25,66.31,66.31,66.31,66.31,66.31,66.31,58.64,60.05,61.46,62.58,63.34,64.03,64.72,65.39,65.93,66.45,66.93,67.40,67.40
ERI,Eritrea,16.74,15.87,15.09,14.29,13.56,12.80,12.15,11.53,10.92,10.37,9.89,9.41,9.41,76.82,78.01,79.10,80.20,81.22,82.28,83.18,84.03,84.87,85.64,86.31,86.96,86.96,49.98,50.15,50.33,50.71,51.08,51.47,51.85,51.85,51.85,51.85,51.85,51.85,51.85,11.20,11.37,11.54,11.64,11.74,11.84,11.94,11.94,11.94,11.94,11.94,11.94,11.94,46.00,46.51,46.99,47.51,48.01,48.53,48.99,49.27,49.55,49.81,50.03,50.25,50.25
EST,Estonia,0.99,0.91,0.85,0.79,0.73,0.68,0.64,0.59,0.55,0.51,0.47,0.45,0.45,98.63,98.73,98.83,98.91,98.98,99.05,99.12,99.18,99.24,99.30,99.34,99.38,99.38,99.02,99.19,99.37,99.54,99.72,99.89,99.92,99.94,99.96,99.99,100.00,100.00,100.00,99.27,99.21,99.16,99.11,99.05,99.06,99.06,99.07,99.07,99.08,99.08,99.07,99.06,98.97,99.05,99.12,99.19,99.25,99.33,99.37,99.40,99.43,99.45,99.47,99.48,99.48
SWZ,Eswatini,31.76,23.09,17.53,16.00,15.37,15.08,14.39,15.01,14.97,13.62,12.50,11.62,11.62,56.01,68.02,75.71,77.84,78.71,79.11,80.07,79.21,79.26,81.13,82.68,83.91,83.91,62.08,63.01,63.90,64.78,65.66,66.53,67.39,68.40,69.41,70.43,71.44,72.45,73.47,56.50,57.37,58.25,59.13,60.02,60.91,61.81,62.71,63.61,64.52,64.49,64.46,64.42,58.20,62.80,65.95,67.25,68.13,68.85,69.75,70.11,70.76,72.03,72.87,73.60,73.93
ETH,Ethiopia,29.31,27.23,25.28,23.46,21.68,20.01,18.47,17.08,15.85,14.78,13.84,12.98,12.98,59.40,62.29,64.98,67.51,69.98,72.28,74.42,76.34,78.05,79.53,80.83,82.02,82.02,33.99,35.53,37.05,38.55,40.03,41.51,42.97,44.41,45.84,47.25,48.66,50.04,51.51,5.88,6.20,6.51,6.82,7.13,7.44,7.74,8.05,8.35,8.65,8.95,9.25,9.34,33.09,34.67,36.18,37.63,39.05,40.41,41.71,42.93,44.08,45.15,46.15,47.11,47.62
FLK,Falkland Islands,,,,,,,,,,,,,,,,,,,,,,,,,,,,,94.49,94.60,94.71,94.82,94.92,95.02,95.12,95.22,95.31,95.31,95.31,100.00,100.00,100.00,100.00,100.00,100.00,100.00,100.00,100.00,100.00,100.00,100.00,100.00,,,,,,,,,,,,,
FRO,Faroe Islands,,,,,,,,,,,,,,,,,,,,,,,,,,,100.00,100.00,100.00,100.00,100.00,100.00,100.00,100.00,100.00,100.00,100.00,100.00,100.00,90.88,90.88,90.88,90.88,90.88,90.88,90.88,90.88,90.88,90.88,90.88,90.88,90.88,,,,,,,,,,,,,
FJI,Fiji,3.68,3.66,3.66,3.69,3.75,3.84,3.96,4.09,4.23,4.39,4.52,4.58,4.58,94.90,94.92,94.92,94.89,94.80,94.68,94.52,94.34,94.13,93.92,93.74,93.66,93.66,95.08,95.11,95.14,95.18,95.21,95.24,95.28,95.31,95.35,95.38,95.42,95.45,95.49,91.30,91.61,91.91,92.20,92.48,92.75,93.01,93.25,93.49,93.71,93.62,93.33,93.04,93.76,93.88,93.99,94.09,94.16,94.22,94.27,94.30,94.32,94.34,94.26,94.15,94.06
FIN,Finland,0.54,0.52,0.50,0.48,0.46,0.45,0.44,0.43,0.42,0.41,0.40,0.39,0.39,99.25,99.28,99.31,99.34,99.36,99.38,99.40,99.41,99.42,99.43,99.45,99.46,99.46,100.00,100.00,100.00,100.00,100.00,100.00,100.00,100.00,100.00,100.00,100.00,100.00,100.00,99.45,99.45,99.45,99.45,99.45,99.45,99.45,99.45,99.45,99.45,99.45,99.45,99.45,99.57,99.58,99.59,99.60,99.60,99.61,99.61,99.62,99.62,99.63,99.63,99.64,99.64
FRA,France,1.10,1.07,1.04,1.02,1.00,0.98,0.97,0.96,0.95,0.94,0.93,0.91,0.91,98.47,98.52,98.56,98.59,98.62,98.64,98.65,98.67,98.68,98.70,98.72,98.74,98.74,100.00,100.00,100.00,100.00,100.00,100.00,100.00,100.00,100.00,100.00,100.00,100.00,100.00,98.66,98.65,98.65,98.65,98.65,98.65,98.65,98.65,98.65,98.65,98.65,98.65,98.65,99.04,99.06,99.07,99.08,99.09,99.10,99.10,99.11,99.11,99.12,99.12,99.13,99.13
GUF,French Guiana,,,,,,,,,,,,,,,,,,,,,,,,,,,93.26,93.36,93.46,93.56,93.66,93.76,93.86,93.96,94.06,94.16,94.26,94.36,94.36,92.21,92.33,92.45,92.57,92.69,92.81,92.93,93.05,93.17,93.29,93.41,93.53,93.53,,,,,,,,,,,,,
PYF,French Polynesia,,,,,,,,,,,,,,,,,,,,,,,,,,,100.00,100.00,100.00,100.00,100.00,100.00,100.00,100.00,100.00,100.00,100.00,100.00,100.00,97.52,97.47,97.41,97.35,97.29,97.23,97.18,97.12,97.06,97.00,97.00,97.00,97.00,,,,,,,,,,,,,
GAB,Gabon,21.19,19.97,18.78,17.52,16.29,15.64,14.89,13.81,13.12,12.44,11.60,10.70,10.70,70.65,72.34,73.99,75.73,77.44,78.34,79.38,80.87,81.82,82.77,83.94,85.18,85.18,83.46,83.66,83.84,84.00,84.14,84.54,84.92,85.29,85.64,85.98,86.31,86.62,86.93,44.02,45.08,46.15,47.23,48.33,48.62,48.91,49.20,49.49,49.78,49.82,49.86,49.90,66.04,67.03,67.99,68.99,69.97,70.50,71.07,71.79,72.32,72.85,73.36,73.89,74.00
GMB,Gambia,29.39,27.48,25.76,24.10,22.57,21.11,19.74,18.49,17.33,16.29,15.30,14.37,14.37,59.29,61.93,64.32,66.61,68.74,70.76,72.66,74.39,75.99,77.43,78.81,80.09,80.09,78.47,79.09,79.70,80.31,80.92,81.52,82.12,82.72,83.31,83.90,84.48,85.07,85.65,46.35,46.38,46.42,46.48,46.57,46.66,46.78,46.91,47.05,47.20,47.36,47.54,47.72,61.37,62.47,63.48,64.47,65.41,66.32,67.19,68.00,68.78,69.51,70.22,70.90,71.15
GEO,Georgia,1.53,1.41,1.32,1.26,1.20,1.16,1.13,1.11,1.09,1.08,1.07,1.06,1.06,97.88,98.04,98.17,98.26,98.33,98.39,98.43,98.46,98.48,98.50,98.52,98.54,98.54,95.17,94.74,94.32,93.90,93.49,93.48,93.72,93.96,94.20,94.44,94.67,94.83,94.98,87.74,87.58,87.43,87.28,87.14,87.00,86.87,86.75,86.64,86.53,86.43,86.34,86.26,93.60,93.46,93.31,93.15,92.99,92.96,93.01,93.06,93.11,93.16,93.21,93.23,93.26
DEU,Germany,0.70,0.68,0.67,0.65,0.64,0.63,0.62,0.60,0.59,0.57,0.55,0.54,0.54,99.03,99.05,99.08,99.10,99.11,99.13,99.14,99.16,99.18,99.21,99.23,99.26,99.26,100.00,100.00,100.00,100.00,100.00,100.00,100.00,100.00,100.00,100.00,100.00,100.00,100.00,99.22,99.22,99.22,99.22,99.22,99.22,99.22,99.23,99.23,99.23,99.23,99.23,99.23,99.42,99.43,99.43,99.44,99.45,99.45,99.46,99.46,99.47,99.48,99.49,99.49,99.49
GHA,Ghana,23.55,21.99,20.50,19.15,17.92,16.81,15.79,14.85,13.98,13.16,12.42,11.78,11.78,67.37,69.55,71.61,73.48,75.18,76.72,78.13,79.43,80.63,81.77,82.80,83.69,83.69,75.61,76.68,77.75,78.82,79.88,80.95,82.02,83.10,84.17,85.24,86.32,87.39,88.37,14.99,16.04,17.11,18.19,19.29,20.40,21.53,22.67,23.83,25.00,26.18,27.38,28.58,52.66,54.09,55.49,56.83,58.12,59.36,60.56,61.73,62.88,64.00,65.10,66.15,66.88
GIB,Gibraltar,,,,,,,,,,,,,,,,,,,,,,,,,,,100.00,100.00,100.00,100.00,100.00,100.00,100.00,100.00,100.00,100.00,100.00,100.00,100.00,100.00,100.00,100.00,100.00,100.00,100.00,100.00,100.00,100.00,100.00,100.00,100.00,100.00,,,,,,,,,,,,,
GRC,Greece,0.48,0.48,0.49,0.51,0.52,0.53,0.53,0.53,0.51,0.49,0.47,0.45,0.45,99.34,99.33,99.32,99.30,99.28,99.26,99.26,99.27,99.30,99.33,99.35,99.38,99.38,99.92,99.94,99.96,99.98,100.00,100.00,100.00,100.00,100.00,100.00,100.00,100.00,100.00,98.57,98.65,98.74,98.83,98.91,98.98,98.98,98.98,98.99,98.99,98.99,99.00,99.00,99.27,99.31,99.34,99.37,99.40,99.41,99.41,99.42,99.43,99.44,99.45,99.46,99.46
GRL,Greenland,,,,,,,,,,,,,,,,,,,,,,,,,,,100.00,100.00,100.00,100.00,100.00,100.00,100.00,100.00,100.00,100.00,100.00,100.00,100.00,,,,,62.50,62.50,62.50,62.50,62.50,62.50,62.50,62.50,62.50,,,,,,,,,,,,,
GRD,Grenada,2.11,2.09,2.07,2.05,2.03,2.00,1.98,1.95,1.91,1.88,1.84,1.79,1.79,97.07,97.10,97.13,97.16,97.19,97.22,97.26,97.30,97.35,97.40,97.45,97.52,97.52,95.63,95.86,95.97,95.63,95.63,95.63,95.63,95.63,95.63,95.63,95.63,95.63,95.63,92.49,92.16,91.83,91.49,91.49,91.49,91.49,91.49,91.49,91.49,91.49,91.49,91.49,95.06,95.04,94.98,94.76,94.77,94.78,94.79,94.81,94.82,94.84,94.86,94.88,94.88
GLP,Guadeloupe,,,,,,,,,,,,,,,,,,,,,,,,,,,99.37,99.42,99.47,99.51,99.56,99.61,99.65,99.70,99.75,99.79,99.84,99.89,99.89,97.87,98.05,98.22,98.40,98.58,98.75,98.93,99.11,99.28,99.46,99.64,99.81,99.81,,,,,,,,,,,,,
GUM,Guam,,,,,,,,,,,,,,,,,,,,,,,,,,,99.65,99.67,99.70,99.70,99.70,99.70,99.70,99.70,99.70,99.70,99.70,99.70,99.70,89.61,89.68,89.74,89.80,89.87,89.93,89.99,90.06,90.12,90.19,90.25,90.31,90.38,,,,,,,,,,,,,
GTM,Guatemala,6.34,5.97,5.63,5.30,5.00,4.73,4.49,4.25,4.05,3.86,3.70,3.53,3.53,91.22,91.73,92.20,92.66,93.08,93.44,93.78,94.11,94.39,94.65,94.88,95.11,95.11,90.28,90.64,90.99,91.35,91.70,92.06,92.41,92.75,93.13,93.51,93.88,94.25,94.62,65.37,65.72,66.05,66.38,66.71,67.03,67.34,67.65,67.95,68.24,68.53,69.08,69.62,82.29,82.69,83.08,83.46,83.83,84.18,84.51,84.84,85.16,85.47,85.76,86.15,86.45
GIN,Guinea,48.88,47.79,46.77,45.76,44.83,43.88,42.94,42.04,41.01,39.92,38.72,37.33,37.33,32.30,33.81,35.22,36.62,37.90,39.21,40.52,41.77,43.20,44.70,46.37,48.29,48.29,57.04,58.18,59.33,60.48,61.65,62.83,64.02,65.22,66.44,67.68,68.92,70.18,71.45,17.83,18.83,19.85,20.90,21.96,23.04,24.15,25.28,26.43,27.61,28.80,30.03,31.27,35.72,36.94,38.13,39.33,40.50,41.69,42.90,44.09,45.36,46.66,48.03,49.50,50.34
GNB,Guinea-Bissau,45.05,42.40,39.86,37.66,35.73,33.99,32.43,30.94,29.48,28.10,26.88,25.62,25.62,37.60,41.27,44.78,47.84,50.50,52.91,55.08,57.14,59.16,61.08,62.77,64.51,64.51,59.19,59.49,59.78,60.05,60.31,60.56,60.78,61.00,61.19,61.37,61.54,61.69,61.78,13.48,14.69,15.91,17.16,18.42,19.69,20.99,22.30,23.63,24.98,26.35,27.73,27.84,36.75,38.48,40.16,41.68,43.08,44.39,45.62,46.81,48.00,49.15,50.22,51.31,51.38
GUY,Guyana,7.06,6.85,6.64,6.39,6.15,5.90,5.66,5.43,5.19,4.98,4.76,4.56,4.56,90.22,90.51,90.81,91.15,91.48,91.83,92.16,92.48,92.81,93.11,93.40,93.68,93.68,91.83,92.17,92.52,92.86,93.21,93.56,93.91,94.25,94.60,94.95,95.28,95.57,95.86,83.69,84.28,84.89,85.49,86.10,86.71,87.32,87.93,88.54,89.15,89.76,90.38,90.99,88.58,88.99,89.40,89.83,90.26,90.70,91.13,91.55,91.98,92.40,92.81,93.21,93.51
HTI,Haiti,58.23,21.12,20.37,19.62,18.86,18.12,17.38,16.66,15.91,15.21,14.51,13.85,13.85,19.34,70.75,71.78,72.82,73.88,74.90,75.93,76.92,77.96,78.93,79.90,80.81,80.81,62.20,62.68,63.16,63.63,64.10,64.57,65.02,65.47,65.90,66.32,66.70,67.06,67.42,27.16,28.21,29.26,30.33,31.41,32.50,33.60,34.70,35.82,36.94,37.12,37.30,37.48,36.23,53.88,54.74,55.60,56.47,57.32,58.18,59.03,59.89,60.73,61.24,61.73,61.90
HND,Honduras,3.88,3.69,3.50,3.34,3.19,3.05,2.91,2.79,2.67,2.56,2.45,2.36,2.36,94.62,94.89,95.15,95.38,95.58,95.77,95.96,96.14,96.30,96.46,96.61,96.74,96.74,90.57,91.04,91.51,91.98,92.43,92.88,93.32,93.76,94.19,94.61,95.02,95.43,95.80,74.04,74.96,75.87,76.77,77.66,78.54,79.41,80.27,81.11,81.95,82.78,83.60,84.40,86.41,86.97,87.51,88.04,88.56,89.06,89.56,90.05,90.53,91.01,91.47,91.92,92.31
HKG,Hong Kong,,,,,,,,,,,,,,,,,,,,,,,,,,,99.58,99.67,99.75,99.83,99.92,100.00,100.00,100.00,100.00,100.00,100.00,100.00,100.00,96.64,96.62,96.61,96.60,96.58,96.57,96.56,96.54,96.53,96.52,96.50,96.50,96.50,,,,,,,,,,,,,
HUN,Hungary,0.95,0.93,0.92,0.90,0.87,0.83,0.78,0.74,0.71,0.70,0.69,0.69,0.69,98.69,98.71,98.73,98.75,98.79,98.85,98.92,98.97,99.01,99.03,99.04,99.05,99.05,99.97,99.97,99.97,99.97,99.97,99.97,99.97,99.97,100.00,100.00,100.00,100.00,100.00,98.01,98.00,98.00,98.00,98.00,98.00,97.99,97.99,97.99,97.99,97.98,97.98,97.98,98.89,98.90,98.90,98.91,98.92,98.94,98.96,98.98,99.00,99.01,99.01,99.01,99.01
ISL,Iceland,0.55,0.54,0.54,0.54,0.54,0.54,0.55,0.55,0.56,0.55,0.55,0.54,0.54,99.24,99.25,99.25,99.25,99.25,99.25,99.24,99.24,99.23,99.23,99.24,99.25,99.25,100.00,100.00,100.00,100.00,100.00,100.00,100.00,100.00,100.00,100.00,100.00,100.00,100.00,98.78,98.78,98.78,98.78,98.78,98.78,98.78,98.78,98.78,98.78,98.78,98.78,98.78,99.34,99.34,99.35,99.35,99.34,99.34,99.34,99.34,99.34,99.34,99.34,99.34,99.34
IND,India,13.66,12.60,11.59,10.63,9.73,8.90,8.14,7.43,6.80,6.21,5.71,5.27,5.27,81.07,82.55,83.95,85.27,86.52,87.67,88.73,89.70,90.59,91.40,92.09,92.71,92.71,86.15,86.76,87.37,87.98,88.59,89.19,89.79,90.38,90.97,91.56,92.15,92.72,93.30,42.71,45.68,48.68,51.69,54.73,57.78,60.84,63.83,66.75,69.66,72.58,75.48,78.39,69.98,71.67,73.34,74.98,76.61,78.21,79.79,81.31,82.77,84.21,85.60,86.97,88.13
IDN,Indonesia,6.09,5.74,5.42,5.11,4.83,4.57,4.31,4.08,3.88,3.69,3.51,3.35,3.35,91.57,92.05,92.49,92.92,93.31,93.68,94.03,94.35,94.63,94.89,95.14,95.35,95.35,84.53,85.38,86.21,87.04,87.86,88.67,89.47,90.26,91.04,91.81,92.59,93.35,94.11,61.85,64.05,66.27,68.50,70.74,72.99,75.25,77.52,79.79,82.07,84.36,86.66,88.16,79.32,80.49,81.66,82.82,83.97,85.11,86.25,87.37,88.49,89.59,90.69,91.79,92.54
IRN,Iran,2.83,2.66,2.52,2.39,2.29,2.20,2.12,2.04,1.97,1.90,1.84,1.78,1.78,96.08,96.31,96.52,96.69,96.82,96.95,97.07,97.17,97.27,97.37,97.45,97.53,97.53,96.03,96.19,96.34,96.49,96.64,96.79,96.93,97.06,97.19,97.32,97.45,97.57,97.69,85.17,85.79,86.40,87.00,87.60,88.18,88.75,89.32,89.70,90.02,90.27,90.32,90.36,92.42,92.76,93.09,93.39,93.69,93.97,94.25,94.52,94.72,94.90,95.06,95.14,95.20
IRQ,Iraq,6.36,6.08,5.81,5.55,5.30,5.06,4.83,4.62,4.42,4.23,4.03,3.85,3.85,91.19,91.58,91.95,92.31,92.66,93.00,93.31,93.60,93.88,94.15,94.41,94.66,94.66,89.75,90.66,91.56,92.46,93.36,94.25,95.14,96.02,96.90,97.78,98.36,98.37,98.38,82.97,84.72,86.48,88.26,90.04,91.83,93.64,95.45,97.00,97.86,98.49,98.50,98.50,87.97,88.98,90.00,91.01,92.02,93.03,94.03,95.03,95.93,96.60,97.09,97.18,97.18
IRL,Ireland,0.62,0.60,0.58,0.56,0.54,0.52,0.49,0.47,0.45,0.43,0.42,0.40,0.40,99.14,99.17,99.20,99.23,99.25,99.28,99.31,99.34,99.37,99.40,99.42,99.44,99.44,96.55,96.49,96.42,96.35,96.28,96.21,96.15,96.08,96.01,96.00,96.00,96.00,95.99,89.88,89.82,89.75,89.68,89.61,89.54,89.47,89.40,89.32,89.31,89.29,89.27,89.25,95.19,95.16,95.12,95.09,95.05,95.01,94.98,94.94,94.90,94.90,94.90,94.90,94.90
IMN,Isle of Man,,,,,,,,,,,,,,,,,,,,,,,,,,,98.66,98.66,98.66,98.66,98.79,98.93,99.07,99.20,99.34,99.47,99.61,99.75,99.88,100.00,100.00,100.00,100.00,100.00,100.00,100.00,100.00,100.00,100.00,100.00,100.00,100.00,,,,,,,,,,,,,
ISR,Israel,0.89,0.86,0.84,0.81,0.79,0.77,0.75,0.74,0.72,0.70,0.68,0.67,0.67,98.76,98.80,98.84,98.88,98.91,98.93,98.96,98.98,99.00,99.03,99.05,99.07,99.07,100.00,100.00,100.00,100.00,100.00,100.00,100.00,100.00,100.00,100.00,100.00,100.00,100.00,100.00,100.00,99.99,99.98,99.97,99.97,99.96,99.95,99.95,99.94,99.94,99.93,99.92,99.59,99.60,99.61,99.62,99.63,99.63,99.64,99.64,99.65,99.66,99.66,99.67,99.67
ITA,Italy,0.60,0.58,0.57,0.55,0.54,0.53,0.51,0.49,0.47,0.44,0.41,0.39,0.39,99.17,99.19,99.21,99.23,99.25,99.27,99.29,99.32,99.35,99.39,99.43,99.47,99.47,99.81,99.84,99.87,99.89,99.92,99.92,99.92,99.92,99.92,99.92,99.92,99.92,99.92,99.89,99.89,99.89,99.89,99.89,99.89,99.89,99.89,99.89,99.89,99.89,99.89,99.89,99.62,99.64,99.65,99.67,99.68,99.69,99.70,99.71,99.72,99.73,99.74,99.76,99.76
JAM,Jamaica,2.47,2.40,2.32,2.25,2.18,2.12,2.06,1.99,1.93,1.87,1.81,1.75,1.75,96.58,96.68,96.78,96.88,96.98,97.06,97.15,97.24,97.33,97.42,97.50,97.58,97.58,91.24,90.87,90.50,90.13,90.27,90.42,90.56,90.71,90.85,91.00,91.03,91.06,91.10,84.70,84.94,85.17,85.40,85.63,85.85,86.07,86.29,86.50,86.63,86.61,86.58,86.55,90.84,90.83,90.82,90.80,90.96,91.11,91.26,91.41,91.56,91.68,91.71,91.74,91.74
JPN,Japan,0.86,0.92,0.81,0.79,0.76,0.74,0.71,0.69,0.66,0.63,0.60,0.57,0.57,98.81,98.73,98.88,98.91,98.94,98.98,99.01,99.05,99.09,99.13,99.17,99.21,99.21,98.73,98.76,98.80,98.84,98.88,98.91,98.95,98.99,99.03,99.06,99.10,99.14,99.14,99.97,99.97,99.97,99.96,99.96,99.96,99.96,99.95,99.95,99.95,99.94,99.94,99.94,99.17,99.16,99.22,99.24,99.26,99.28,99.31,99.33,99.35,99.38,99.40,99.43,99.43
JOR,Jordan,2.98,2.88,2.78,2.69,2.60,2.51,2.42,2.34,2.27,2.20,2.13,2.06,2.06,95.87,96.01,96.15,96.27,96.40,96.52,96.64,96.75,96.85,96.96,97.06,97.15,97.15,98.80,98.82,98.85,98.88,98.90,98.91,98.92,98.93,98.94,98.95,98.96,98.97,98.97,97.97,97.89,97.81,97.73,97.65,97.56,97.48,97.39,97.31,97.22,97.14,97.14,97.14,97.55,97.57,97.60,97.63,97.65,97.67,97.68,97.69,97.70,97.71,97.72,97.75,97.75
KAZ,Kazakhstan,2.23,1.98,1.76,1.57,1.42,1.30,1.22,1.17,1.14,1.13,1.13,1.14,1.14,96.91,97.26,97.56,97.82,98.04,98.20,98.31,98.39,98.42,98.43,98.43,98.42,98.42,93.66,94.00,94.34,94.63,94.83,95.03,95.22,95.41,95.42,95.43,95.43,95.44,95.44,97.40,97.46,97.53,97.60,97.67,97.74,97.81,97.87,97.87,97.87,97.87,97.86,97.86,95.99,96.24,96.48,96.69,96.85,96.99,97.11,97.22,97.24,97.24,97.24,97.24,97.24
KEN,Kenya,18.26,17.06,15.75,14.58,13.85,13.21,12.06,11.20,10.56,10.02,9.88,9.43,9.43,74.70,76.37,78.18,79.81,80.81,81.70,83.30,84.48,85.37,86.11,86.32,86.94,86.94,54.68,55.37,56.07,56.76,57.45,58.14,58.83,59.51,60.19,60.86,61.53,62.20,62.86,31.74,32.13,32.52,32.90,33.30,33.69,34.09,34.49,34.89,35.30,35.70,36.11,36.53,53.71,54.62,55.59,56.49,57.19,57.84,58.74,59.49,60.15,60.76,61.19,61.75,62.11
KIR,Kiribati,15.96,15.51,15.07,14.57,14.01,13.47,12.97,12.41,11.88,11.38,10.87,10.37,10.37,77.90,78.52,79.13,79.82,80.60,81.35,82.04,82.81,83.54,84.24,84.94,85.64,85.64,68.19,68.84,69.49,70.12,70.75,71.38,71.99,72.59,73.18,73.75,74.31,74.86,75.69,40.30,40.82,41.32,41.79,42.23,42.64,43.03,43.38,43.71,44.00,44.27,44.51,45.18,62.13,62.73,63.31,63.91,64.53,65.12,65.69,66.26,66.81,67.33,67.84,68.33,68.84
XXK,Kosovo,2.09,1.90,1.75,1.61,1.49,1.39,1.29,1.20,1.12,1.04,0.97,0.91,0.91,97.11,97.36,97.58,97.77,97.93,98.08,98.21,98.34,98.45,98.55,98.65,98.74,98.74,,,,,,,,,,,,,,,,,,,,,,,,,,,,,,,,,,,,,,,
KWT,Kuwait,1.53,1.48,1.43,1.38,1.34,1.32,1.30,1.28,1.28,1.28,1.27,1.27,1.27,97.88,97.95,98.02,98.08,98.14,98.18,98.21,98.22,98.23,98.23,98.24,98.25,98.25,100.00,100.00,100.00,100.00,100.00,100.00,100.00,100.00,100.00,100.00,100.00,100.00,100.00,100.00,100.00,100.00,100.00,100.00,100.00,100.00,100.00,100.00,100.00,100.00,100.00,100.00,99.29,99.32,99.34,99.36,99.38,99.39,99.40,99.41,99.41,99.41,99.41,99.42,99.42
KGZ,Kyrgyzstan,3.57,3.26,3.00,2.81,2.64,2.48,2.32,2.18,2.06,1.98,1.92,1.88,1.88,95.06,95.48,95.85,96.11,96.34,96.56,96.78,96.99,97.14,97.26,97.34,97.40,97.40,85.34,85.87,86.41,86.95,87.49,88.03,88.56,88.99,89.43,89.86,90.71,90.75,90.80,95.30,95.67,96.03,96.40,96.76,97.13,97.43,97.55,97.66,97.78,97.89,97.88,97.86,91.90,92.34,92.77,93.15,93.53,93.91,94.26,94.51,94.74,94.96,95.32,95.34,95.35
LAO,Lao People's Democratic Republic,17.41,16.17,15.03,13.99,13.01,12.18,11.42,10.74,10.14,9.59,9.08,8.58,8.58,75.89,77.60,79.19,80.62,81.98,83.13,84.18,85.13,85.96,86.71,87.43,88.11,88.11,67.86,69.82,71.76,73.68,75.58,77.46,79.60,81.45,83.29,85.10,85.22,85.34,85.46,56.43,59.04,61.63,64.21,66.77,69.32,71.86,74.38,76.89,78.95,79.14,79.32,79.51,66.73,68.82,70.86,72.84,74.78,76.64,78.54,80.32,82.04,83.59,83.93,84.26,84.36
LVA,Latvia,1.30,1.19,1.08,0.96,0.86,0.78,0.72,0.66,0.62,0.58,0.55,0.52,0.52,98.20,98.35,98.51,98.66,98.80,98.92,99.01,99.08,99.15,99.20,99.24,99.28,99.28,98.27,98.32,98.37,98.42,98.48,98.53,98.58,98.63,98.69,98.74,98.79,98.84,98.89,90.07,90.33,90.58,90.83,91.08,91.52,91.96,92.40,92.40,92.41,92.42,92.44,92.44,95.51,95.67,95.82,95.97,96.12,96.32,96.52,96.70,96.75,96.78,96.82,96.85,96.87
LBN,Lebanon,1.59,1.54,1.48,1.44,1.40,1.36,1.33,1.30,1.28,1.25,1.23,1.20,1.20,97.79,97.87,97.95,98.01,98.07,98.11,98.16,98.19,98.23,98.26,98.30,98.34,98.34,88.81,89.25,89.69,90.13,90.57,91.01,91.45,91.89,92.33,92.60,92.60,92.60,92.60,87.40,88.71,90.02,91.32,92.63,93.94,95.25,96.56,97.87,99.07,99.20,99.20,99.20,91.33,91.94,92.55,93.16,93.76,94.36,94.95,95.55,96.14,96.64,96.70,96.71,96.71
LSO,Lesotho,27.86,26.60,23.63,21.62,21.53,20.58,15.78,14.33,16.57,18.25,18.13,16.93,16.93,61.41,63.16,67.27,70.06,70.18,71.50,78.14,80.15,77.05,74.72,74.88,76.55,76.55,69.39,69.78,70.15,70.53,70.91,71.29,71.68,72.07,72.47,72.88,73.29,73.63,73.97,30.43,32.52,34.58,36.63,38.65,40.65,42.63,44.58,46.52,48.43,50.32,50.30,50.28,53.74,55.15,57.34,59.07,59.91,61.15,64.15,65.60,65.35,65.34,66.16,66.83,66.93
LBR,Liberia,30.18,28.91,27.84,26.94,26.14,25.32,24.58,23.86,23.10,22.29,21.38,20.48,20.48,58.20,59.96,61.44,62.69,63.79,64.93,65.95,66.94,68.00,69.12,70.38,71.63,71.63,69.39,69.95,70.50,71.05,71.59,72.12,72.64,73.15,73.66,74.16,74.65,75.14,75.61,15.95,16.45,16.96,17.47,18.00,18.54,19.08,19.63,20.19,20.76,21.34,21.93,22.52,47.85,48.78,49.63,50.40,51.13,51.86,52.56,53.24,53.95,54.68,55.46,56.23,56.59
LBY,Libya,2.41,4.58,2.18,2.09,2.01,1.93,1.85,1.79,1.73,1.67,1.61,1.56,1.56,96.66,93.65,96.98,97.10,97.22,97.33,97.43,97.52,97.61,97.69,97.77,97.84,97.84,92.93,93.80,94.67,95.54,96.41,97.28,98.15,99.02,99.89,99.89,99.89,99.89,99.89,91.45,91.57,91.68,91.80,91.91,92.03,92.10,92.11,92.11,92.11,92.11,92.11,92.11,93.68,93.01,94.44,94.81,95.18,95.55,95.90,96.22,96.54,96.56,96.59,96.61,96.61
LIE,Liechtenstein,,,,,,,,,,,,,,,,,,,,,,,,,,,100.00,100.00,100.00,100.00,100.00,100.00,100.00,100.00,100.00,100.00,100.00,100.00,100.00,99.95,99.95,99.95,99.95,99.95,99.95,99.95,99.95,99.95,99.95,99.95,99.95,99.95,,,,,,,,,,,,,
LTU,Lithuania,1.16,1.05,0.99,0.96,0.94,0.91,0.87,0.82,0.75,0.69,0.64,0.60,0.60,98.39,98.54,98.63,98.68,98.70,98.73,98.79,98.87,98.96,99.05,99.12,99.17,99.17,94.25,94.71,95.19,95.66,96.13,96.60,97.07,97.54,97.99,98.00,98.01,98.03,98.04,89.13,89.63,90.15,90.67,91.18,91.70,92.22,92.74,93.25,93.77,94.28,94.80,95.31,93.92,94.29,94.66,95.00,95.34,95.68,96.03,96.38,96.73,96.94,97.14,97.33,97.51
LUX,Luxembourg,0.51,0.50,0.50,0.50,0.50,0.50,0.51,0.51,0.51,0.51,0.51,0.50,0.50,99.30,99.31,99.31,99.31,99.31,99.30,99.30,99.29,99.29,99.29,99.30,99.31,99.31,100.00,100.00,99.99,99.97,99.94,99.93,99.91,99.89,99.87,99.88,99.88,99.88,99.89,97.64,97.63,97.63,97.62,97.62,97.61,97.61,97.60,97.60,97.59,97.59,97.59,97.59,98.98,98.98,98.98,98.97,98.96,98.95,98.94,98.93,98.92,98.92,98.92,98.93,98.93
MAC,Macau,,,,,,,,,,,,,,,,,,,,,,,,,,,100.00,100.00,100.00,100.00,100.00,100.00,100.00,100.00,100.00,100.00,100.00,100.00,100.00,100.00,100.00,100.00,100.00,100.00,100.00,100.00,100.00,100.00,100.00,100.00,100.00,100.00,,,,,,,,,,,,,
MDG,Madagascar,24.05,23.27,22.66,22.20,21.89,21.71,21.63,21.60,21.65,21.75,21.78,21.73,21.73,66.69,67.76,68.62,69.25,69.68,69.93,70.04,70.08,70.01,69.87,69.83,69.90,69.90,44.17,44.96,45.74,46.52,47.30,48.08,48.85,49.63,50.40,51.17,51.94,52.70,53.47,8.57,9.07,9.57,10.08,10.59,11.10,11.61,12.13,12.65,13.17,13.69,14.22,14.75,39.81,40.60,41.31,41.95,42.52,43.04,43.50,43.94,44.35,44.74,45.15,45.61,46.04
MWI,Malawi,32.69,29.85,26.07,22.61,20.21,18.73,17.21,15.72,14.08,12.95,11.84,11.00,11.00,54.72,58.65,63.89,68.68,72.00,74.05,76.17,78.22,80.50,82.06,83.60,84.76,84.76,62.13,62.95,63.77,64.58,65.40,66.22,67.03,67.85,68.66,69.46,70.27,71.07,71.87,22.95,25.19,27.42,29.65,31.86,34.07,36.27,38.46,40.64,42.80,44.96,47.11,49.24,46.60,48.93,51.69,54.31,56.42,58.11,59.82,61.51,63.26,64.78,66.28,67.65,68.62
MYS,Malaysia,1.18,1.18,1.17,1.17,1.18,1.19,1.18,1.18,1.17,1.15,1.12,1.10,1.10,98.36,98.37,98.38,98.37,98.37,98.36,98.36,98.37,98.39,98.41,98.44,98.48,98.48,97.02,97.02,97.03,97.04,97.04,97.05,97.06,97.07,97.08,97.09,97.10,97.11,97.16,94.74,94.88,95.02,95.16,95.30,95.43,95.57,95.69,95.82,95.88,95.94,95.99,96.00,96.71,96.76,96.81,96.86,96.90,96.95,97.00,97.04,97.10,97.13,97.16,97.19,97.21
MDV,Maldives,1.95,1.82,1.71,1.60,1.51,1.41,1.31,1.21,1.11,1.02,0.94,0.87,0.87,97.30,97.48,97.64,97.78,97.91,98.05,98.19,98.33,98.46,98.59,98.70,98.80,98.80,97.27,97.58,97.90,98.21,98.51,98.81,99.11,99.41,99.50,99.53,99.54,99.56,99.56,87.84,89.08,90.32,91.56,92.79,93.97,95.06,96.14,97.21,98.27,99.16,99.70,99.70,94.13,94.71,95.29,95.85,96.40,96.95,97.46,97.96,98.39,98.80,99.13,99.35,99.35
MLI,Mali,60.47,57.88,55.42,53.16,50.99,48.92,46.94,45.06,43.18,41.35,39.52,37.76,37.76,16.24,19.83,23.23,26.37,29.37,32.24,34.99,37.58,40.18,42.73,45.25,47.69,47.69,65.62,67.17,68.72,70.26,71.78,73.30,74.81,76.31,77.80,79.28,80.75,82.20,83.65,29.68,31.27,32.88,34.52,36.18,37.86,39.56,41.29,43.03,44.80,46.58,48.39,50.21,37.18,39.42,41.61,43.71,45.78,47.80,49.79,51.73,53.67,55.60,57.53,59.43,60.52
MLT,Malta,0.85,0.85,0.85,0.85,0.84,0.84,0.83,0.82,0.80,0.79,0.77,0.75,0.75,98.82,98.82,98.82,98.83,98.83,98.84,98.85,98.87,98.89,98.91,98.93,98.96,98.96,100.00,100.00,100.00,100.00,100.00,100.00,100.00,100.00,100.00,100.00,100.00,100.00,100.00,99.96,99.96,99.96,99.96,99.96,99.96,99.96,99.96,99.96,99.96,99.96,99.96,99.96,99.60,99.60,99.60,99.60,99.60,99.60,99.61,99.61,99.62,99.62,99.63,99.64,99.64
MHL,Marshall Islands,7.57,7.44,7.25,7.03,6.79,6.53,6.27,6.03,5.80,5.55,5.29,5.05,5.05,89.52,89.70,89.96,90.26,90.60,90.95,91.31,91.65,91.96,92.31,92.67,93.01,93.01,87.89,87.63,87.38,87.13,86.88,86.64,86.40,86.17,85.94,85.72,85.49,85.28,85.06,85.43,85.00,84.57,84.12,83.67,83.22,82.75,82.28,81.81,81.33,81.38,81.42,81.46,87.61,87.44,87.30,87.17,87.05,86.93,86.82,86.70,86.57,86.45,86.51,86.57,86.51
MTQ,Martinique,,,,,,,,,,,,,,,,,,,,,,,,,,,99.75,99.74,99.74,99.74,99.74,99.73,99.73,99.73,99.72,99.72,99.72,99.72,99.72,98.26,98.37,98.49,98.60,98.71,98.82,98.93,99.05,99.16,99.27,99.38,99.49,99.49,,,,,,,,,,,,,
MRT,Mauritania,15.72,14.89,14.17,13.50,12.83,12.15,11.48,10.84,10.24,9.66,9.11,8.57,8.57,78.22,79.38,80.37,81.30,82.23,83.17,84.10,84.98,85.81,86.62,87.39,88.13,88.13,57.02,58.71,60.41,62.13,63.85,65.58,67.31,69.05,70.80,72.54,74.30,76.05,77.81,32.48,34.24,36.03,37.86,39.73,41.63,43.57,45.54,47.55,49.59,51.67,53.78,55.93,55.91,57.44,58.94,60.43,61.93,63.46,64.99,66.52,68.05,69.58,71.12,72.65,73.96
MUS,Mauritius,2.10,2.07,2.01,1.94,1.84,1.74,1.65,1.59,1.54,1.47,1.40,1.32,1.32,97.09,97.14,97.21,97.32,97.45,97.59,97.71,97.80,97.87,97.96,98.06,98.17,98.17,99.65,99.69,99.72,99.75,99.79,99.82,99.86,99.89,99.93,99.96,100.00,100.00,100.00,94.23,94.66,95.07,95.48,95.47,95.47,95.46,95.46,95.46,95.46,95.46,95.46,95.46,96.99,97.16,97.34,97.52,97.57,97.63,97.68,97.72,97.75,97.79,97.84,97.88,97.88
MYT,Mayotte,,,,,,,,,,,,,,,,,,,,,,,,,,,97.13,97.13,97.12,97.07,96.95,96.84,96.72,96.60,96.49,96.37,96.37,96.37,96.37,69.02,72.95,76.88,80.81,84.73,88.66,92.59,96.52,100.00,100.00,100.00,100.00,100.00,,,,,,,,,,,,,
MEX,Mexico,2.81,2.69,2.59,2.48,2.39,2.30,2.22,2.14,2.07,2.00,1.93,1.86,1.86,96.11,96.27,96.42,96.56,96.69,96.81,96.92,97.03,97.13,97.23,97.33,97.42,97.42,95.80,96.18,96.56,96.94,97.31,97.68,98.04,98.40,98.76,99.12,99.37,99.54,99.71,84.97,85.65,86.31,86.97,87.63,88.27,88.91,89.54,90.16,90.78,91.39,91.99,92.52,92.29,92.70,93.10,93.49,93.88,94.25,94.62,94.99,95.35,95.71,96.03,96.31,96.55
FSM,Micronesia (Federated States of),6.25,6.06,5.88,5.62,5.39,5.15,4.93,4.69,4.48,4.27,4.09,3.92,3.92,91.35,91.61,91.86,92.21,92.54,92.86,93.17,93.50,93.79,94.09,94.33,94.57,94.57,90.48,90.42,90.36,90.30,90.24,90.18,90.11,90.11,90.11,90.11,90.11,90.11,90.11,65.93,70.01,74.10,78.19,82.28,86.37,90.45,90.45,90.45,90.45,90.45,90.45,90.45,82.58,84.02,85.44,86.90,88.35,89.80,91.25,91.36,91.45,91.55,91.63,91.71,91.71
MCO,Monaco,2.75,2.69,2.62,2.55,2.47,2.39,2.32,2.25,2.18,2.10,2.02,1.96,1.96,96.19,96.28,96.37,96.46,96.57,96.69,96.78,96.89,96.98,97.09,97.20,97.28,97.28,100.00,100.00,100.00,100.00,100.00,100.00,100.00,100.00,100.00,100.00,100.00,100.00,100.00,100.00,100.00,100.00,100.00,100.00,100.00,100.00,100.00,100.00,100.00,100.00,100.00,100.00,98.73,98.76,98.79,98.82,98.86,98.90,98.93,98.96,98.99,99.03,99.07,99.09,99.09
MNG,Mongolia,4.24,3.82,3.47,3.22,3.03,2.85,2.69,2.53,2.39,2.28,2.17,2.08,2.08,94.13,94.71,95.19,95.54,95.81,96.05,96.28,96.50,96.69,96.85,96.99,97.12,97.12,75.18,76.02,76.70,77.37,78.05,78.72,79.40,80.07,80.75,81.44,82.12,82.82,83.51,56.69,57.96,59.15,60.35,61.56,62.78,64.01,65.26,66.52,67.79,69.08,69.52,69.96,75.33,76.23,77.01,77.75,78.47,79.18,79.90,80.61,81.32,82.03,82.73,83.15,83.53
MNE,Montenegro,0.91,0.84,0.77,0.71,0.65,0.60,0.55,0.50,0.46,0.42,0.39,0.36,0.36,98.73,98.83,98.93,99.02,99.09,99.17,99.24,99.30,99.36,99.41,99.46,99.50,99.50,96.16,96.41,96.65,96.90,97.15,97.39,97.64,97.88,98.51,98.68,98.86,98.86,98.86,92.80,93.34,93.89,94.44,94.99,95.54,96.10,96.66,97.21,97.50,97.77,97.79,97.81,95.90,96.20,96.49,96.78,97.08,97.37,97.66,97.95,98.36,98.53,98.70,98.72,98.73
MSR,Montserrat,1.10,1.07,1.03,1.00,0.97,0.94,0.91,0.88,0.85,0.82,0.79,0.77,0.77,98.47,98.52,98.57,98.61,98.66,98.70,98.74,98.79,98.83,98.86,98.90,98.94,98.94,98.06,98.07,98.07,98.07,98.07,98.07,98.07,98.07,98.07,98.08,98.08,98.08,98.08,85.41,85.79,86.17,86.55,86.93,87.32,87.70,88.08,88.46,88.85,89.10,89.10,89.10,93.98,94.12,94.27,94.41,94.55,94.70,94.84,94.98,95.12,95.26,95.36,95.37,95.37
MAR,Morocco,4.51,4.26,4.04,3.82,3.61,3.42,3.24,3.09,2.96,2.83,2.72,2.61,2.61,93.75,94.09,94.41,94.71,95.00,95.27,95.51,95.72,95.90,96.07,96.23,96.38,96.38,74.93,75.98,77.01,78.03,79.05,80.05,81.05,82.03,84.03,84.98,85.92,86.84,87.02,77.92,78.86,79.80,80.74,81.68,82.61,83.55,84.48,85.40,86.33,87.25,87.38,87.52,82.20,82.98,83.74,84.50,85.24,85.98,86.70,87.41,88.45,89.13,89.80,90.20,90.31
MOZ,Mozambique,36.19,35.21,33.14,30.66,28.07,25.13,23.29,23.05,22.33,21.06,20.21,19.56,19.56,49.88,51.23,54.10,57.54,61.12,65.19,67.73,68.08,69.07,70.83,72.00,72.91,72.91,39.03,40.98,42.97,44.98,47.01,49.08,51.16,53.28,55.41,57.58,59.76,61.48,63.20,21.32,22.59,23.87,25.18,26.50,27.84,29.19,30.56,31.95,33.35,34.77,36.07,37.38,36.74,38.27,40.31,42.56,44.88,47.37,49.36,50.64,52.14,53.92,55.51,56.82,57.83
MMR,Myanmar,15.56,14.60,13.70,12.90,12.18,11.52,10.89,10.32,9.79,9.27,8.80,8.37,8.37,78.45,79.77,81.02,82.13,83.12,84.04,84.91,85.71,86.44,87.16,87.81,88.40,88.40,63.25,64.91,66.59,68.28,70.00,71.74,73.50,75.28,77.09,78.91,80.73,82.33,82.38,68.83,69.32,69.81,70.29,70.77,71.26,71.74,72.21,72.69,73.17,73.64,74.11,74.13,70.18,71.33,72.47,73.57,74.63,75.68,76.72,77.74,78.74,79.74,80.72,81.61,81.64
NAM,Namibia,12.91,12.46,12.54,12.54,12.50,13.42,13.29,12.81,12.50,11.48,10.58,9.95,9.95,82.12,82.74,82.63,82.63,82.69,81.41,81.59,82.25,82.69,84.10,85.35,86.22,86.22,80.89,81.35,81.82,82.28,82.72,83.16,83.59,84.00,84.39,84.84,85.28,85.70,85.91,32.15,32.51,32.87,33.22,33.55,33.86,34.16,34.43,34.68,34.96,35.26,35.55,35.84,65.05,65.53,65.77,66.04,66.32,66.14,66.45,66.89,67.25,67.97,68.63,69.16,69.32
NRU,Nauru,7.12,6.92,6.68,6.43,6.18,5.95,5.71,5.47,5.24,5.01,4.78,4.55,4.55,90.14,90.42,90.74,91.10,91.44,91.76,92.10,92.42,92.75,93.06,93.38,93.70,93.70,97.36,97.29,97.22,97.15,97.08,97.00,97.00,97.00,97.00,97.00,97.00,97.00,97.00,65.76,65.78,65.81,65.83,65.86,65.88,65.91,65.93,65.93,65.93,65.93,65.93,65.93,84.42,84.50,84.59,84.69,84.79,84.88,85.00,85.12,85.23,85.33,85.44,85.55,85.55
NPL,Nepal,9.62,8.92,8.26,7.64,7.08,6.54,6.06,5.64,5.27,4.96,4.69,4.44,4.44,86.68,87.65,88.56,89.42,90.19,90.94,91.61,92.19,92.70,93.13,93.51,93.84,93.84,85.59,86.14,86.69,87.22,87.75,88.28,88.79,89.30,89.80,90.29,90.77,91.24,91.24,42.05,45.22,48.46,51.76,55.12,58.55,62.04,65.60,69.21,72.88,76.61,80.40,80.39,71.44,73.00,74.57,76.13,77.69,79.26,80.81,82.36,83.90,85.43,86.96,88.50,88.49
NLD,Netherlands,0.69,0.66,0.64,0.62,0.61,0.59,0.58,0.58,0.57,0.56,0.56,0.55,0.55,99.05,99.09,99.12,99.14,99.16,99.18,99.19,99.20,99.21,99.22,99.23,99.24,99.24,100.00,100.00,100.00,100.00,100.00,100.00,100.00,100.00,100.00,100.00,100.00,100.00,100.00,97.81,97.79,97.77,97.76,97.75,97.74,97.72,97.71,97.70,97.69,97.69,97.68,97.67,98.95,98.96,98.96,98.97,98.97,98.97,98.97,98.97,98.97,98.97,98.97,98.97,98.97
NCL,New Caledonia,,,,,,,,,,,,,,,,,,,,,,,,,,,96.97,97.21,97.44,97.67,97.91,98.14,98.37,98.61,98.84,99.07,99.31,99.54,99.54,100.00,100.00,100.00,100.00,100.00,100.00,100.00,100.00,100.00,100.00,100.00,100.00,100.00,,,,,,,,,,,,,
NZL,New Zealand,1.07,1.05,1.02,1.00,0.96,0.93,0.90,0.87,0.85,0.83,0.81,0.79,0.79,98.52,98.55,98.58,98.62,98.66,98.71,98.75,98.79,98.82,98.85,98.88,98.91,98.91,100.00,100.00,100.00,100.00,100.00,100.00,100.00,100.00,100.00,100.00,100.00,100.00,100.00,100.00,100.00,100.00,100.00,100.00,100.00,100.00,100.00,100.00,100.00,100.00,100.00,100.00,99.51,99.52,99.53,99.54,99.55,99.57,99.58,99.60,99.61,99.62,99.63,99.64,99.64
NIC,Nicaragua,3.76,3.52,3.30,3.11,2.92,2.74,2.56,2.39,2.24,2.10,1.98,1.87,1.87,94.79,95.12,95.42,95.69,95.95,96.21,96.46,96.69,96.89,97.09,97.26,97.42,97.42,81.05,81.11,81.17,81.23,81.29,81.35,81.42,81.44,81.52,81.61,81.71,81.71,81.71,66.94,67.93,68.91,69.89,70.87,71.85,72.83,72.87,72.92,72.97,73.02,73.02,73.02,80.93,81.39,81.83,82.27,82.71,83.14,83.57,83.67,83.78,83.89,84.00,84.05,84.05
NER,Niger,72.20,69.19,66.91,65.08,63.78,62.74,62.01,61.45,60.95,60.50,60.00,59.17,59.17,0.00,4.17,7.33,9.85,11.65,13.10,14.11,14.88,15.57,16.21,16.90,18.04,18.04,43.56,44.05,44.51,44.96,45.39,45.82,46.22,46.62,47.00,47.37,47.72,48.06,48.90,10.46,10.94,11.42,11.89,12.37,12.85,13.33,13.81,14.30,14.79,15.29,15.88,16.41,18.01,19.72,21.09,22.24,23.14,23.92,24.55,25.10,25.62,26.12,26.64,27.33,27.78
NGA,Nigeria,56.02,54.82,53.74,52.84,52.02,51.19,50.31,49.12,47.69,46.29,44.79,43.29,43.29,22.41,24.07,25.56,26.81,27.95,29.10,30.31,31.96,33.95,35.89,37.97,40.04,40.04,60.05,61.67,63.30,64.92,66.55,68.18,69.82,71.45,73.09,74.72,76.36,78.00,79.64,34.69,35.55,36.43,37.34,38.27,39.22,40.20,41.20,42.23,43.28,44.35,45.45,46.57,39.05,40.43,41.76,43.02,44.26,45.50,46.77,48.20,49.75,51.30,52.89,54.50,55.42
NIU,Niue,6.04,5.82,5.58,5.34,5.11,4.88,4.69,4.50,4.31,4.12,3.95,3.77,3.77,91.63,91.93,92.27,92.61,92.92,93.24,93.50,93.77,94.03,94.29,94.53,94.78,94.78,98.35,98.20,98.05,97.90,97.75,97.61,97.46,97.31,97.16,97.01,97.01,97.01,97.01,99.08,98.92,98.75,98.59,98.42,98.25,98.09,97.92,97.76,97.59,97.43,97.43,97.43,96.35,96.35,96.36,96.37,96.37,96.37,96.35,96.33,96.32,96.30,96.32,96.41,96.41
MKD,North Macedonia,1.19,1.16,1.19,1.25,1.33,1.36,1.32,1.17,0.99,0.84,0.74,0.66,0.66,98.35,98.39,98.36,98.26,98.16,98.11,98.18,98.38,98.63,98.84,98.98,99.08,99.08,97.24,97.29,97.34,97.40,97.45,97.51,97.56,97.61,97.67,97.73,97.78,97.84,97.84,92.21,92.85,93.48,94.12,94.77,95.41,96.06,96.72,97.33,97.88,98.43,98.97,98.98,95.93,96.18,96.39,96.59,96.79,97.01,97.27,97.57,97.88,98.15,98.40,98.63,98.63
MNP,North Mariana Islands,,,,,,,,,,,,,,,,,,,,,,,,,,,98.93,99.14,99.35,99.56,99.77,99.98,100.00,100.00,100.00,100.00,100.00,100.00,100.00,77.76,77.98,78.19,78.40,78.62,78.83,79.05,79.26,79.47,79.69,79.90,80.11,80.33,,,,,,,,,,,,,
NOR,Norway,0.61,0.59,0.56,0.54,0.52,0.51,0.49,0.47,0.45,0.44,0.42,0.40,0.40,99.15,99.19,99.22,99.25,99.28,99.30,99.32,99.35,99.37,99.40,99.42,99.44,99.44,100.00,100.00,100.00,100.00,100.00,100.00,100.00,100.00,100.00,100.00,100.00,100.00,100.00,98.06,98.06,98.06,98.06,98.06,98.06,98.06,98.05,98.05,98.05,98.05,98.05,98.05,99.07,99.08,99.09,99.10,99.11,99.12,99.13,99.13,99.14,99.15,99.16,99.16,99.16
OMN,Oman,1.66,1.64,1.63,1.61,1.60,1.59,1.58,1.56,1.54,1.51,1.49,1.46,1.46,97.70,97.73,97.75,97.77,97.79,97.80,97.82,97.84,97.87,97.90,97.94,97.98,97.98,87.84,88.29,88.80,89.29,89.77,90.24,90.69,91.11,91.52,91.89,92.17,92.31,92.44,96.22,96.99,97.75,98.49,99.05,99.32,99.32,99.32,99.32,99.32,99.32,99.32,99.32,93.92,94.33,94.77,95.18,95.54,95.79,95.94,96.09,96.24,96.37,96.48,96.54,96.58
PAK,Pakistan,18.31,17.65,16.96,16.27,15.56,14.89,14.23,13.58,12.96,12.33,11.75,11.14,11.14,74.64,75.55,76.50,77.47,78.44,79.37,80.29,81.18,82.05,82.92,83.73,84.57,84.57,88.80,88.97,89.12,89.28,89.44,89.59,89.74,89.89,90.04,90.19,90.34,90.48,90.63,49.52,51.33,53.12,54.90,56.67,58.43,60.19,61.93,63.66,65.39,67.11,68.82,70.53,70.99,71.95,72.92,73.88,74.85,75.80,76.74,77.67,78.58,79.50,80.39,81.29,81.91
PLW,Palau,1.92,1.83,1.76,1.66,1.57,1.49,1.43,1.35,1.30,1.23,1.18,1.14,1.14,97.34,97.46,97.56,97.71,97.83,97.94,98.02,98.12,98.20,98.29,98.37,98.42,98.42,99.47,99.48,99.49,99.50,99.51,99.52,99.53,99.54,99.54,99.55,99.56,99.56,99.57,95.68,96.01,96.33,96.63,96.93,97.22,97.50,97.77,98.04,98.29,98.54,98.78,99.02,97.50,97.65,97.79,97.95,98.09,98.23,98.35,98.48,98.59,98.71,98.82,98.92,99.00
PSE,Palestine,3.33,3.19,3.06,2.92,4.17,2.67,2.54,2.43,2.34,2.25,2.17,2.09,2.09,95.38,95.58,95.77,95.95,94.23,96.30,96.48,96.63,96.76,96.88,97.00,97.10,97.10,94.65,95.04,95.44,95.76,96.07,96.38,96.69,96.99,97.29,97.59,97.88,98.17,98.44,93.86,94.34,94.82,95.30,95.78,96.25,96.73,97.21,97.68,98.15,98.63,99.10,99.44,94.63,94.99,95.34,95.67,95.36,96.31,96.63,96.94,97.24,97.54,97.83,98.12,98.33
PAN,Panama,2.92,2.82,2.71,2.60,2.51,2.41,2.34,2.25,2.17,2.10,2.03,1.95,1.95,95.95,96.10,96.25,96.40,96.53,96.66,96.76,96.88,96.99,97.10,97.19,97.29,97.29,92.00,92.19,92.37,92.55,92.74,92.91,93.24,93.57,93.90,94.18,94.40,94.61,94.65,72.96,74.09,75.22,76.37,77.52,78.67,79.84,81.01,82.19,83.38,84.57,85.78,85.88,86.97,87.46,87.95,88.44,88.93,89.41,89.95,90.49,91.03,91.55,92.05,92.56,92.61
PNG,Papua New Guinea,13.62,13.14,12.67,12.21,11.75,11.29,10.85,10.40,9.94,9.50,9.09,8.67,8.67,81.13,81.81,82.46,83.08,83.72,84.36,84.97,85.60,86.23,86.84,87.41,87.99,87.99,37.88,38.90,39.91,40.93,41.95,42.97,43.99,45.02,46.05,47.08,48.11,49.17,50.24,18.63,18.68,18.72,18.77,18.82,18.88,18.94,19.01,19.08,19.15,19.22,19.26,19.30,45.88,46.46,47.03,47.59,48.16,48.74,49.30,49.88,50.45,51.02,51.58,52.14,52.51
PRY,Paraguay,4.16,3.99,3.83,3.66,3.50,3.36,3.22,3.09,2.96,2.84,2.73,2.63,2.63,94.23,94.47,94.70,94.93,95.15,95.35,95.54,95.71,95.90,96.07,96.22,96.36,96.36,89.90,91.16,92.40,93.62,94.83,96.02,97.20,98.37,99.52,99.59,99.59,99.60,99.60,82.17,83.27,84.36,85.43,86.50,87.56,88.60,89.64,90.68,91.72,92.75,93.60,94.57,88.77,89.63,90.49,91.33,92.16,92.98,93.78,94.58,95.37,95.79,96.19,96.52,96.84
PER,Peru,4.52,4.32,4.15,3.99,3.86,3.75,3.65,3.55,3.47,3.38,3.29,3.20,3.20,93.73,94.02,94.26,94.47,94.65,94.81,94.95,95.08,95.20,95.32,95.44,95.57,95.57,87.39,88.03,88.67,89.30,89.93,90.55,91.17,91.78,92.40,93.00,93.61,94.21,94.81,71.26,71.89,72.51,73.12,73.73,74.33,74.93,75.53,76.12,76.71,77.30,77.88,78.46,84.13,84.65,85.14,85.63,86.10,86.56,87.02,87.46,87.90,88.34,88.78,89.22,89.61
PRI,Peurto Rico,,,,,,,,,,,,,,,,,,,,,,,,,,,98.69,98.84,98.98,99.13,99.28,99.43,99.57,99.72,99.87,100.00,100.00,100.00,100.00,99.42,99.60,99.78,99.96,100.00,100.00,100.00,100.00,100.00,100.00,100.00,100.00,100.00,,,,,,,,,,,,,
PHL,Philippines,7.12,7.00,6.88,6.74,6.62,6.48,6.32,6.13,5.96,5.77,5.57,5.38,5.38,90.14,90.31,90.48,90.66,90.83,91.02,91.24,91.51,91.74,92.01,92.28,92.55,92.55,89.88,90.30,90.72,91.14,91.56,91.98,92.39,92.81,93.22,93.64,94.05,94.46,94.88,71.03,72.14,73.26,74.38,75.51,76.65,77.79,78.94,80.09,81.25,82.42,83.59,84.76,83.68,84.25,84.82,85.39,85.97,86.55,87.14,87.75,88.35,88.97,89.58,90.20,90.73
POL,Poland,0.82,0.78,0.75,0.73,0.70,0.69,0.67,0.66,0.64,0.63,0.62,0.62,0.62,98.86,98.91,98.96,98.99,99.02,99.05,99.07,99.09,99.11,99.13,99.14,99.14,99.14,98.43,97.70,96.97,96.24,95.50,94.76,94.03,93.29,92.55,91.82,91.09,90.36,90.37,94.28,94.95,95.63,96.32,97.00,97.69,98.38,98.80,98.96,98.96,98.96,98.96,98.96,97.19,97.19,97.19,97.18,97.18,97.17,97.16,97.06,96.87,96.64,96.40,96.15,96.15
PRT,Portugal,0.76,0.73,0.71,0.70,0.69,0.68,0.68,0.67,0.65,0.62,0.59,0.56,0.56,98.95,98.98,99.01,99.03,99.05,99.06,99.06,99.08,99.10,99.14,99.18,99.23,99.23,99.16,99.16,99.17,99.17,99.18,99.18,99.19,99.20,99.21,99.22,99.23,99.25,99.26,98.76,98.88,98.99,99.10,99.20,99.31,99.42,99.52,99.61,99.65,99.66,99.66,99.66,98.96,99.01,99.05,99.10,99.14,99.18,99.22,99.27,99.31,99.33,99.36,99.38,99.38
QAT,Qatar,1.32,1.29,1.26,1.23,1.18,1.13,1.07,1.01,0.95,0.88,0.83,0.77,0.77,98.17,98.21,98.25,98.30,98.36,98.44,98.52,98.60,98.69,98.78,98.86,98.93,98.93,99.92,99.92,99.93,99.93,99.94,99.95,99.95,99.96,99.96,99.97,99.98,99.98,99.99,99.94,99.94,99.94,99.94,99.94,99.94,99.94,99.94,99.94,99.94,99.94,99.94,99.94,99.34,99.36,99.37,99.39,99.41,99.44,99.47,99.50,99.53,99.56,99.59,99.62,99.62
KOR,Republic of Korea,0.60,0.58,0.56,0.54,0.53,0.51,0.50,0.49,0.47,0.46,0.44,0.42,0.42,99.17,99.20,99.22,99.25,99.27,99.29,99.31,99.33,99.35,99.37,99.39,99.42,99.42,99.03,99.11,99.19,99.27,99.36,99.44,99.52,99.60,99.68,99.77,99.85,99.93,100.00,99.97,99.95,99.94,99.93,99.92,99.90,99.89,99.88,99.87,99.85,99.84,99.83,99.82,99.39,99.42,99.45,99.48,99.51,99.54,99.57,99.60,99.63,99.66,99.69,99.73,99.74
MDA,Republic of Moldova,2.44,2.40,2.36,2.31,2.27,2.24,2.20,2.16,2.12,2.08,2.05,2.00,2.00,96.62,96.68,96.74,96.79,96.85,96.90,96.95,97.01,97.06,97.12,97.17,97.23,97.23,86.81,87.24,87.66,88.09,88.52,88.95,89.38,89.82,90.26,90.70,91.14,91.58,92.02,76.97,77.62,78.27,78.92,79.58,80.25,80.93,81.61,82.30,82.99,83.69,84.39,84.91,86.80,87.18,87.56,87.94,88.32,88.70,89.09,89.48,89.87,90.27,90.66,91.07,91.39
REU,Reunion,,,,,,,,,,,,,,,,,,,,,,,,,,,99.79,99.80,99.82,99.83,99.85,99.86,99.87,99.89,99.90,99.92,99.93,99.94,99.94,99.19,99.22,99.24,99.27,99.30,99.32,99.35,99.37,99.40,99.42,99.45,99.47,99.47,,,,,,,,,,,,,
ROU,Romania,1.86,1.80,1.73,1.67,1.59,1.51,1.43,1.35,1.29,1.25,1.21,1.17,1.17,97.42,97.51,97.60,97.69,97.80,97.91,98.02,98.12,98.21,98.27,98.33,98.37,98.37,100.00,100.00,100.00,100.00,100.00,100.00,100.00,100.00,100.00,100.00,100.00,100.00,100.00,78.98,79.86,80.69,81.51,82.34,83.17,84.00,84.84,85.69,86.54,87.40,88.25,88.28,92.13,92.46,92.76,93.07,93.38,93.69,94.01,94.32,94.63,94.94,95.24,95.54,95.55
RUS,Russian Federation,2.06,2.01,1.95,1.87,1.76,1.62,1.48,1.35,1.24,1.14,1.06,0.99,0.99,97.15,97.22,97.30,97.41,97.56,97.75,97.95,98.13,98.28,98.42,98.53,98.63,98.63,96.06,96.13,96.21,96.29,96.38,96.46,96.54,96.63,96.71,96.80,96.88,96.97,97.05,86.70,86.91,87.12,87.34,87.56,87.79,88.01,88.24,88.47,88.71,88.94,89.18,89.42,93.30,93.42,93.55,93.68,93.83,94.00,94.17,94.33,94.49,94.64,94.79,94.93,95.03
RWA,Rwanda,20.62,18.61,16.79,15.47,14.46,13.50,12.69,12.12,11.71,11.26,10.63,10.09,10.09,71.43,74.23,76.74,78.57,79.97,81.31,82.42,83.21,83.79,84.41,85.28,86.03,86.03,53.81,54.73,55.65,56.58,57.52,58.48,59.44,60.42,61.41,62.41,63.43,64.45,65.10,58.97,60.34,61.71,63.07,64.44,65.80,67.16,68.52,69.86,71.21,72.54,73.86,73.83,61.41,63.10,64.70,66.07,67.31,68.53,69.67,70.72,71.69,72.68,73.75,74.78,74.99
BLM,Saint Barthelemy,,,,,,,,,,,,,,,,,,,,,,,,,,,99.68,99.73,99.78,99.83,99.88,99.93,99.98,100.00,100.00,100.00,100.00,100.00,100.00,99.53,99.60,99.66,99.73,99.79,99.86,99.92,99.98,100.00,100.00,100.00,100.00,100.00,,,,,,,,,,,,,
SHN,"Saint Helena, Ascension",,,,,,,,,,,,,,,,,,,,,,,,,,,98.70,98.75,98.80,98.85,98.90,98.95,99.00,99.05,99.10,99.10,99.10,99.10,99.10,99.33,99.44,99.55,99.66,99.78,99.89,100.00,100.00,100.00,100.00,100.00,100.00,100.00,,,,,,,,,,,,,
KNA,Saint Kitts and Nevis,2.90,2.88,2.87,2.85,2.84,2.79,2.72,2.65,2.57,2.49,2.42,2.34,2.34,95.98,96.01,96.02,96.05,96.07,96.14,96.23,96.33,96.44,96.55,96.65,96.76,96.76,98.57,98.59,98.60,98.61,98.61,98.61,98.61,98.61,98.61,98.61,98.61,98.61,98.61,92.99,93.65,94.30,94.95,94.95,94.95,94.95,94.95,94.95,94.95,94.95,94.95,94.95,95.85,96.08,96.31,96.54,96.55,96.57,96.60,96.63,96.67,96.71,96.74,96.78,96.78
LCA,Saint Lucia,2.42,2.41,2.41,2.41,2.41,2.42,2.43,2.43,2.44,2.45,2.44,2.44,2.44,96.65,96.66,96.66,96.66,96.66,96.65,96.64,96.63,96.62,96.61,96.62,96.62,96.62,93.37,93.81,94.25,94.69,95.13,95.57,96.01,96.45,96.89,96.89,96.89,96.89,96.89,83.69,83.46,83.22,82.97,82.72,82.91,83.10,83.26,83.38,83.37,83.37,83.36,83.36,91.23,91.31,91.38,91.44,91.50,91.71,91.92,92.11,92.29,92.29,92.29,92.29,92.29
MAF,Saint Martin,,,,,,,,,,,,,,,,,,,,,,,,,,,100.00,99.99,99.99,99.98,99.97,99.97,99.96,99.95,99.95,99.94,99.93,99.93,99.93,99.47,99.53,99.59,99.66,99.72,99.78,99.84,99.90,99.96,100.00,100.00,100.00,100.00,,,,,,,,,,,,,
SPM,Saint Pierre and Miquelon,,,,,,,,,,,,,,,,,,,,,,,,,,,91.40,91.40,91.40,91.40,91.40,91.40,91.40,91.40,91.40,91.40,91.40,91.40,91.40,99.95,99.94,99.94,99.94,99.94,99.93,99.93,99.93,99.93,99.93,99.92,99.92,99.92,,,,,,,,,,,,,
VCT,Saint Vincent and the Grenadines,2.11,2.00,1.88,1.77,1.66,1.56,1.48,1.40,1.33,1.26,1.21,1.16,1.16,97.07,97.24,97.40,97.55,97.70,97.83,97.96,98.06,98.16,98.25,98.33,98.39,98.39,97.05,97.21,97.37,97.54,97.71,97.71,97.72,97.72,97.73,97.73,97.73,97.73,97.73,82.86,84.53,86.20,87.89,89.59,89.61,89.64,89.67,89.70,89.70,89.70,89.70,89.70,92.33,92.99,93.66,94.33,95.00,95.05,95.11,95.15,95.20,95.23,95.25,95.27,95.27
WSM,Samoa,2.84,2.83,2.80,2.77,2.74,2.70,2.67,2.63,2.58,2.51,2.45,2.38,2.38,96.06,96.08,96.12,96.16,96.21,96.25,96.30,96.35,96.43,96.52,96.61,96.70,96.70,88.57,88.81,89.05,90.11,91.17,92.23,93.29,94.35,95.41,96.42,97.40,98.27,99.04,93.64,93.99,94.35,94.70,95.05,95.41,95.77,96.13,96.48,96.84,97.20,97.57,97.93,92.76,92.96,93.17,93.66,94.14,94.63,95.12,95.61,96.11,96.59,97.07,97.51,97.89
SMR,San Marino,0.32,0.30,0.29,0.27,0.26,0.25,0.24,0.22,0.22,0.21,0.20,0.19,0.19,99.56,99.58,99.60,99.62,99.64,99.66,99.67,99.69,99.70,99.71,99.72,99.73,99.73,100.00,100.00,100.00,100.00,100.00,100.00,100.00,100.00,100.00,100.00,100.00,100.00,100.00,100.00,100.00,100.00,100.00,100.00,100.00,100.00,100.00,100.00,100.00,100.00,100.00,100.00,99.85,99.86,99.87,99.87,99.88,99.89,99.89,99.90,99.90,99.90,99.91,99.91,99.91
STP,Sao Tome and Principe,8.74,7.66,6.71,5.91,5.30,4.76,4.38,4.07,3.81,3.62,3.46,3.33,3.33,87.89,89.40,90.71,91.81,92.66,93.41,93.93,94.37,94.72,94.99,95.21,95.39,95.39,73.80,74.26,74.71,75.15,75.58,76.00,76.41,76.81,77.20,77.34,77.32,77.29,77.34,33.15,34.48,35.82,37.15,38.48,39.81,41.14,42.47,43.80,45.12,46.44,47.77,47.84,64.95,66.05,67.08,68.04,68.91,69.74,70.49,71.22,71.90,72.48,72.99,73.48,73.52
SAU,Saudi Arabia,1.73,1.63,1.55,1.47,1.39,1.32,1.24,1.18,1.12,1.07,1.02,0.98,0.98,97.61,97.74,97.86,97.97,98.07,98.18,98.28,98.37,98.45,98.52,98.59,98.64,98.64,,,,,,98.67,98.67,98.67,98.66,98.66,98.66,98.65,98.65,95.25,95.26,95.27,95.27,95.28,95.29,95.30,95.31,95.32,95.32,95.33,95.34,95.35,,,,,,97.38,97.42,97.45,97.48,97.50,97.52,97.55,97.55
SEN,Senegal,24.81,22.75,20.91,19.16,17.54,16.03,14.63,13.37,12.25,11.29,10.48,9.75,9.75,65.64,68.48,71.03,73.46,75.71,77.80,79.73,81.49,83.03,84.36,85.49,86.50,86.50,71.83,73.05,74.27,75.48,76.69,77.90,79.10,80.31,81.50,82.70,83.89,85.07,86.25,47.47,48.55,49.62,50.69,51.76,52.82,53.88,54.94,56.00,57.05,58.10,59.14,60.18,61.65,63.36,64.97,66.55,68.05,69.50,70.90,72.24,73.51,74.70,75.82,76.90,77.64
SRB,Serbia,1.03,1.00,0.96,0.93,0.89,0.86,0.83,0.80,0.78,0.77,0.76,0.75,0.75,98.58,98.62,98.67,98.72,98.77,98.81,98.86,98.89,98.91,98.93,98.95,98.97,98.97,91.50,91.87,92.25,92.63,93.01,93.39,93.77,94.15,94.53,94.91,95.30,95.68,95.68,96.51,96.68,96.84,97.01,97.17,97.34,97.51,97.67,97.84,97.90,97.90,97.90,97.91,95.53,95.72,95.92,96.12,96.32,96.51,96.71,96.90,97.09,97.25,97.38,97.52,97.52
SYC,Seychelles,2.01,2.02,2.03,2.04,2.05,2.05,2.06,2.06,2.05,2.03,2.00,1.96,1.96,97.22,97.20,97.19,97.18,97.17,97.16,97.15,97.15,97.16,97.19,97.23,97.28,97.28,95.16,95.29,95.42,95.54,95.67,95.79,95.92,96.04,96.17,96.29,96.42,96.42,96.42,97.85,98.09,98.33,98.57,98.82,99.06,99.15,99.16,99.18,100.00,100.00,100.00,100.00,96.74,96.86,96.98,97.10,97.22,97.34,97.41,97.45,97.50,97.83,97.88,97.90,97.90
SLE,Sierra Leone,60.32,56.14,52.24,48.62,48.63,50.25,39.60,37.01,34.57,32.42,30.47,28.68,28.68,16.45,22.24,27.64,32.65,32.65,30.39,45.15,48.73,52.11,55.09,57.79,60.28,60.28,51.65,52.80,53.95,55.09,56.23,57.38,58.51,59.65,60.79,61.93,63.07,64.20,65.34,12.84,13.56,14.30,15.07,15.85,16.66,17.48,18.33,19.21,20.10,21.02,21.96,22.92,26.98,29.53,31.96,34.27,34.91,34.81,40.38,42.24,44.04,45.71,47.29,48.81,49.51
SGP,Singapore,0.58,0.57,0.55,0.54,0.53,0.52,0.51,0.49,0.46,0.43,0.39,0.36,0.36,99.20,99.21,99.23,99.25,99.27,99.28,99.30,99.33,99.36,99.41,99.46,99.50,99.50,100.00,100.00,100.00,100.00,100.00,100.00,100.00,100.00,100.00,100.00,100.00,100.00,100.00,100.00,100.00,100.00,100.00,100.00,100.00,100.00,100.00,100.00,100.00,100.00,100.00,100.00,99.73,99.74,99.74,99.75,99.76,99.76,99.77,99.78,99.79,99.80,99.82,99.83,99.83
SXM,Sint Maarten,,,,,,,,,,,,,,,,,,,,,,,,,,,95.59,95.50,95.41,95.31,95.31,95.31,95.31,95.31,95.31,95.31,95.31,95.31,95.31,98.69,98.72,98.75,98.78,98.78,98.78,98.78,98.78,98.78,98.78,98.78,98.78,98.78,,,,,,,,,,,,,
SVK,Slovakia,1.22,1.19,1.17,1.14,1.12,1.10,1.08,1.07,1.05,1.04,1.02,1.01,1.01,98.31,98.35,98.38,98.42,98.45,98.47,98.50,98.52,98.55,98.57,98.58,98.60,98.60,98.62,99.00,99.38,99.52,99.79,99.79,99.79,99.79,99.79,99.79,99.79,99.79,99.79,98.31,98.11,97.91,97.71,97.52,97.52,97.53,97.53,97.53,97.53,97.53,97.53,97.54,98.41,98.48,98.56,98.55,98.58,98.59,98.60,98.61,98.62,98.63,98.63,98.64,98.64
SVN,Slovenia,0.59,0.56,0.54,0.52,0.50,0.49,0.47,0.46,0.45,0.44,0.43,0.42,0.42,99.19,99.22,99.25,99.28,99.30,99.32,99.34,99.36,99.38,99.39,99.40,99.42,99.42,99.50,99.50,99.50,99.50,99.50,99.50,99.50,99.50,99.50,99.50,99.50,99.50,99.50,98.90,98.84,98.79,98.74,98.68,98.63,98.58,98.52,98.47,98.42,98.36,98.31,98.31,99.20,99.19,99.18,99.17,99.16,99.15,99.14,99.13,99.12,99.10,99.09,99.08,99.08
SLB,Solomon Islands,4.26,4.09,3.93,3.77,3.62,3.48,3.34,3.21,3.08,2.96,2.85,2.74,2.74,94.09,94.33,94.55,94.78,94.98,95.19,95.38,95.56,95.73,95.90,96.06,96.21,96.21,73.50,72.63,71.78,70.95,70.13,69.33,68.54,67.78,67.01,67.15,67.30,67.45,67.45,26.87,27.85,28.83,29.83,30.83,31.84,32.75,33.53,34.23,34.49,34.76,35.02,35.02,64.82,64.94,65.06,65.19,65.31,65.45,65.56,65.62,65.65,65.85,66.04,66.22,66.22
SOM,Somalia,67.71,65.08,62.63,60.11,57.68,55.37,53.20,51.02,49.18,47.20,45.32,43.77,43.77,6.22,9.86,13.25,16.74,20.10,23.31,26.31,29.33,31.87,34.63,37.23,39.38,39.38,40.27,42.41,43.99,45.57,47.14,48.71,50.27,51.83,53.39,54.93,56.48,58.01,58.26,28.63,30.02,31.00,32.00,33.01,34.03,35.06,36.11,37.17,38.23,39.31,40.39,40.58,25.04,27.43,29.42,31.44,33.42,35.35,37.22,39.09,40.81,42.60,44.34,45.93,46.07
ZAF,South Africa,16.50,12.55,9.98,8.88,8.33,8.18,7.88,7.73,7.53,7.24,7.01,6.59,6.59,77.14,82.62,86.18,87.69,88.46,88.67,89.09,89.29,89.57,89.97,90.29,90.87,90.87,89.61,90.06,90.51,90.95,91.38,91.80,92.21,92.61,93.00,93.39,93.76,94.13,94.49,68.18,69.01,69.84,70.65,71.46,72.26,73.05,73.84,74.61,75.38,76.14,76.89,77.63,78.31,80.57,82.17,83.10,83.76,84.24,84.78,85.24,85.73,86.25,86.73,87.30,87.66
SSD,South Sudan,42.50,40.17,38.42,37.60,37.41,37.43,37.44,37.43,37.41,37.40,37.43,37.37,37.37,41.13,44.37,46.79,47.92,48.18,48.16,48.14,48.16,48.18,48.19,48.16,48.23,48.23,,41.16,41.24,41.27,41.28,41.25,41.19,41.10,40.98,40.84,40.95,41.07,41.19,,6.87,7.80,8.78,9.81,10.89,12.03,13.21,14.45,15.75,15.84,15.95,16.06,,30.80,31.94,32.66,33.09,33.43,33.78,34.16,34.54,34.93,34.98,35.08,35.16
ESP,Spain,0.69,0.66,0.63,0.60,0.58,0.56,0.55,0.54,0.53,0.52,0.50,0.49,0.49,99.04,99.08,99.13,99.16,99.19,99.22,99.24,99.25,99.27,99.29,99.31,99.33,99.33,100.00,100.00,99.99,99.96,99.93,99.93,99.93,99.93,99.93,99.93,99.93,99.93,99.93,99.88,99.88,99.89,99.90,99.91,99.91,99.92,99.92,99.92,99.92,99.92,99.92,99.92,99.64,99.66,99.67,99.67,99.68,99.69,99.69,99.70,99.71,99.71,99.72,99.72,99.72
LKA,Sri Lanka,1.59,1.54,1.49,1.42,1.34,1.27,1.21,1.15,1.10,1.06,1.02,0.98,0.98,97.79,97.86,97.94,98.04,98.14,98.24,98.33,98.40,98.47,98.53,98.59,98.64,98.64,85.73,86.02,86.31,86.60,86.90,87.19,87.49,87.79,88.09,88.39,88.70,89.00,89.31,84.89,85.72,86.55,87.39,88.23,89.08,89.92,90.77,91.63,92.49,93.35,94.22,95.09,89.47,89.87,90.27,90.68,91.09,91.50,91.91,92.32,92.73,93.14,93.54,93.95,94.34
SDN,Sudan,26.36,25.41,24.49,23.60,22.68,21.75,20.80,19.90,19.05,18.20,17.36,16.59,16.59,63.49,64.80,66.07,67.31,68.58,69.87,71.19,72.44,73.61,74.79,75.96,77.02,77.02,51.40,52.53,53.66,54.79,55.92,57.05,58.19,59.33,60.47,61.61,62.74,63.88,64.92,28.24,29.57,30.92,32.29,33.67,35.07,36.49,36.58,36.67,36.78,36.89,36.89,36.89,47.71,48.97,50.22,51.46,52.72,54.00,55.29,56.12,56.92,57.73,58.53,59.26,59.61
SUR,Suriname,2.62,2.54,2.46,2.39,2.31,2.24,2.17,2.10,2.04,1.98,1.91,1.85,1.85,96.38,96.48,96.59,96.69,96.79,96.89,96.99,97.09,97.18,97.26,97.35,97.43,97.43,93.54,93.98,94.42,94.86,95.30,95.75,96.20,96.64,97.09,97.54,97.99,97.99,97.99,83.15,83.81,84.47,85.13,85.80,86.48,87.16,87.85,88.55,89.25,89.95,89.96,89.97,91.02,91.42,91.82,92.23,92.63,93.04,93.45,93.86,94.27,94.68,95.10,95.13,95.13
SWE,Sweden,0.55,0.54,0.53,0.53,0.53,0.52,0.51,0.50,0.49,0.48,0.46,0.45,0.45,99.24,99.25,99.26,99.27,99.27,99.28,99.29,99.30,99.32,99.34,99.36,99.38,99.38,99.61,99.62,99.63,99.65,99.66,99.67,99.68,99.70,99.71,99.72,99.73,99.74,99.74,99.05,99.03,99.02,99.00,98.98,98.97,98.95,98.93,98.91,98.90,98.88,98.86,98.86,99.30,99.30,99.30,99.30,99.31,99.31,99.31,99.31,99.31,99.32,99.32,99.33,99.32
CHE,Switzerland,0.65,0.63,0.61,0.59,0.58,0.56,0.54,0.52,0.50,0.48,0.47,0.45,0.45,99.10,99.13,99.15,99.18,99.20,99.23,99.25,99.28,99.30,99.33,99.35,99.37,99.37,100.00,100.00,100.00,100.00,100.00,100.00,100.00,100.00,100.00,100.00,100.00,100.00,100.00,99.88,99.88,99.89,99.89,99.89,99.90,99.90,99.90,99.90,99.90,99.90,99.90,99.90,99.66,99.67,99.68,99.69,99.70,99.71,99.72,99.73,99.73,99.74,99.75,99.76,99.76
SYR,Syrian Arab Republic,2.76,3.46,13.92,18.99,19.99,16.41,14.94,4.88,4.69,3.91,4.11,3.91,3.91,96.17,95.20,80.72,73.69,72.31,77.27,79.30,93.24,93.51,94.58,94.31,94.59,94.59,92.95,93.00,93.05,93.11,93.17,93.32,93.46,93.60,93.74,93.87,94.00,94.05,94.08,91.10,91.37,91.63,91.91,92.19,92.55,92.90,93.26,93.61,93.96,94.30,94.64,94.98,93.41,93.19,88.47,86.24,85.89,87.71,88.56,93.37,93.62,94.14,94.20,94.43,94.55
TJK,Tajikistan,6.11,5.83,5.58,5.37,5.18,4.99,4.82,4.63,4.43,4.26,4.07,3.89,3.89,91.53,91.93,92.28,92.56,92.82,93.08,93.33,93.58,93.86,94.10,94.36,94.62,94.62,69.47,70.80,72.15,73.50,74.86,76.24,77.62,79.01,80.41,81.82,81.85,81.89,81.94,93.46,93.83,94.20,94.57,94.94,95.32,95.69,96.06,96.43,96.77,96.77,96.76,96.75,84.82,85.52,86.21,86.88,87.54,88.21,88.88,89.55,90.23,90.90,90.99,91.09,91.10
TZA,Tanzania,25.82,23.78,22.05,20.38,18.71,17.77,16.77,16.30,15.63,15.07,14.57,13.46,13.46,64.24,67.06,69.46,71.78,74.09,75.39,76.78,77.42,78.35,79.13,79.82,81.35,81.35,43.46,44.94,46.43,47.90,49.37,50.83,52.28,53.72,55.15,56.57,57.97,59.36,60.79,18.51,19.70,20.89,22.08,23.26,24.44,25.62,26.78,27.94,29.10,30.25,30.43,30.62,42.07,43.90,45.59,47.25,48.91,50.22,51.56,52.64,53.81,54.93,56.01,57.05,57.59
THA,Thailand,1.91,1.82,1.74,1.67,1.60,1.54,1.48,1.42,1.36,1.30,1.25,1.20,1.20,97.36,97.47,97.58,97.69,97.78,97.87,97.95,98.04,98.12,98.19,98.27,98.33,98.33,97.54,97.83,98.11,98.39,98.66,98.93,99.19,99.39,99.54,99.96,100.00,100.00,100.00,95.39,95.73,96.06,96.41,96.75,97.10,97.46,97.79,98.13,98.42,98.71,99.01,99.02,96.76,97.01,97.25,97.50,97.73,97.97,98.20,98.40,98.59,98.86,98.99,99.11,99.12
TLS,Timor-Leste,13.48,12.84,12.24,11.70,11.18,10.65,10.13,9.59,9.11,8.63,8.19,7.81,7.81,81.32,82.22,83.05,83.80,84.52,85.25,85.97,86.72,87.38,88.04,88.66,89.19,89.19,63.74,65.80,67.88,69.98,72.10,74.25,76.41,78.59,80.79,82.38,83.97,85.56,87.02,45.10,46.26,47.41,48.55,49.68,50.80,51.91,53.01,54.11,55.19,56.26,57.33,58.38,63.39,64.76,66.11,67.44,68.77,70.10,71.43,72.77,74.09,75.21,76.30,77.36,78.19
TGO,Togo,32.68,31.38,30.09,28.83,27.59,26.38,25.25,24.16,23.06,22.03,21.07,20.12,20.12,54.74,56.53,58.32,60.07,61.79,63.46,65.02,66.53,68.06,69.48,70.82,72.13,72.13,57.62,58.79,59.96,61.11,62.26,63.39,64.51,65.62,66.72,67.81,68.89,69.95,70.99,13.49,13.99,14.50,15.02,15.55,16.09,16.64,17.20,17.77,18.35,18.94,19.07,19.20,41.95,43.10,44.26,45.40,46.53,47.64,48.72,49.78,50.85,51.88,52.88,53.72,54.11
TKL,Tokelau,,,,,,,,,,,,,,,,,,,,,,,,,,,99.04,99.12,99.21,99.29,99.37,99.46,99.54,99.62,99.71,99.71,99.71,99.71,99.71,86.19,87.78,89.37,90.97,92.57,94.17,95.75,96.66,96.80,96.80,96.80,96.80,96.80,,,,,,,,,,,,,
TON,Tonga,1.86,1.82,1.80,1.77,1.76,1.74,1.73,1.71,1.68,1.65,1.62,1.58,1.58,97.43,97.48,97.51,97.54,97.56,97.58,97.61,97.64,97.67,97.71,97.76,97.81,97.81,98.37,98.40,98.44,98.48,98.52,98.55,98.59,98.63,98.66,98.70,98.74,98.77,98.81,92.03,92.33,92.61,92.90,93.18,93.45,93.72,93.99,94.26,94.52,94.78,95.04,95.30,95.94,96.07,96.19,96.31,96.42,96.53,96.64,96.75,96.87,96.98,97.09,97.21,97.30
TTO,Trinidad and Tobago,2.56,2.47,2.38,2.29,2.21,2.13,2.06,2.00,1.94,1.88,1.81,1.76,1.76,96.45,96.58,96.70,96.83,96.94,97.04,97.14,97.23,97.32,97.40,97.49,97.56,97.56,95.78,96.14,96.49,97.37,97.75,98.14,98.52,98.88,98.88,98.88,98.88,98.88,98.88,92.58,92.83,93.09,93.34,93.46,93.57,93.69,93.80,93.92,93.92,93.92,93.92,93.92,94.94,95.18,95.43,95.85,96.05,96.25,96.45,96.64,96.70,96.73,96.76,96.78,96.78
TUN,Tunisia,2.67,2.60,2.55,2.51,2.48,2.45,2.44,2.43,2.42,2.40,2.36,2.32,2.32,96.31,96.40,96.47,96.53,96.57,96.60,96.62,96.63,96.64,96.67,96.73,96.79,96.79,91.93,92.05,92.58,93.11,93.63,94.15,94.67,95.18,95.69,96.19,96.69,96.94,97.18,86.81,87.87,88.93,90.00,91.06,92.12,93.19,94.25,95.32,96.38,97.43,97.44,97.44,91.68,92.11,92.66,93.21,93.75,94.29,94.83,95.36,95.88,96.41,96.95,97.05,97.14
TUR,Turkey,2.62,2.41,2.24,2.08,1.95,1.82,1.71,1.62,1.53,1.45,1.37,1.30,1.30,96.37,96.67,96.90,97.12,97.30,97.47,97.63,97.76,97.88,98.00,98.10,98.20,98.20,95.41,95.59,95.76,95.93,96.09,96.26,96.41,96.57,96.72,96.87,97.01,97.02,97.03,93.29,93.95,94.59,95.22,95.83,96.43,97.01,97.59,98.15,98.69,99.22,99.24,99.25,95.02,95.40,95.75,96.09,96.41,96.72,97.02,97.31,97.58,97.85,98.11,98.15,98.16
TKM,Turkmenistan,6.18,6.04,5.95,5.93,5.95,6.01,6.10,6.16,6.17,6.09,5.96,5.80,5.80,91.44,91.63,91.75,91.78,91.76,91.67,91.56,91.46,91.46,91.57,91.74,91.97,91.97,94.14,94.86,95.57,96.28,96.97,97.66,98.34,99.00,99.35,99.79,100.00,100.00,100.00,95.46,95.84,96.23,96.62,97.01,97.40,97.80,98.19,98.60,99.00,99.41,99.82,99.82,93.68,94.11,94.52,94.89,95.25,95.58,95.90,96.22,96.47,96.79,97.05,97.26,97.26
TCA,Turks and Caicos Islands,1.01,0.97,0.94,0.91,0.88,0.85,0.82,0.79,0.77,0.74,0.70,0.67,0.67,98.60,98.65,98.69,98.74,98.78,98.83,98.86,98.90,98.94,98.98,99.03,99.08,99.08,,,,,,,98.69,98.71,98.73,98.75,98.77,98.79,98.80,,,,,,,93.12,93.13,93.13,93.13,93.14,93.14,93.15,,,,,,,96.89,96.91,96.93,96.96,96.98,97.00,97.01
TUV,Tuvalu,5.45,5.14,4.88,4.64,4.42,4.20,4.01,3.81,3.65,3.46,3.31,3.19,3.19,92.46,92.88,93.24,93.57,93.87,94.19,94.44,94.72,94.95,95.21,95.42,95.59,95.59,99.03,99.05,99.07,99.08,99.10,99.12,99.14,99.16,99.18,99.20,99.22,99.24,99.26,82.94,83.04,83.13,83.21,83.28,83.34,83.39,83.43,83.47,83.50,83.52,83.54,83.55,91.48,91.66,91.81,91.96,92.08,92.22,92.33,92.44,92.53,92.64,92.72,92.79,92.80
UGA,Uganda,28.12,25.67,23.29,20.63,18.88,17.36,15.74,14.75,13.85,12.80,11.93,11.31,11.31,61.05,64.44,67.74,71.42,73.86,75.95,78.20,79.57,80.82,82.27,83.48,84.33,84.33,40.23,41.73,43.25,44.78,46.34,47.91,49.49,51.09,52.70,54.33,55.96,57.61,59.26,18.53,18.75,18.96,19.17,19.38,19.58,19.79,20.00,20.20,20.41,20.61,20.81,21.01,39.94,41.64,43.32,45.13,46.52,47.81,49.16,50.22,51.24,52.33,53.35,54.25,54.87
UKR,Ukraine,1.66,1.59,1.52,1.46,1.41,1.36,1.32,1.29,1.26,1.23,1.21,1.19,1.19,97.71,97.80,97.89,97.97,98.05,98.11,98.17,98.22,98.26,98.29,98.32,98.35,98.35,94.92,94.44,93.95,93.79,93.32,93.36,93.40,93.44,93.48,93.51,93.54,93.53,93.59,96.29,96.50,96.71,96.91,97.12,97.28,97.43,97.59,97.74,97.74,97.74,97.74,97.75,96.30,96.24,96.18,96.23,96.16,96.25,96.33,96.41,96.49,96.52,96.54,96.54,96.56
ARE,United Arab Emirates,1.25,1.22,1.19,1.16,1.13,1.11,1.08,1.05,1.02,0.99,0.96,0.93,0.93,98.26,98.31,98.35,98.39,98.43,98.47,98.50,98.54,98.59,98.63,98.67,98.71,98.71,99.81,99.83,99.86,99.88,99.90,99.93,99.95,99.98,100.00,100.00,100.00,100.00,100.00,99.12,99.12,99.12,99.11,99.11,99.11,99.11,99.10,99.10,99.10,99.10,99.09,99.09,99.07,99.09,99.11,99.13,99.15,99.17,99.19,99.21,99.23,99.24,99.26,99.27,99.27
GBR,United Kingdom,0.74,0.70,0.67,0.65,0.62,0.61,0.60,0.59,0.58,0.57,0.55,0.54,0.54,98.98,99.03,99.07,99.11,99.13,99.16,99.17,99.19,99.20,99.22,99.24,99.26,99.26,100.00,100.00,100.00,100.00,100.00,100.00,100.00,100.00,100.00,100.00,100.00,100.00,100.00,99.12,99.12,99.12,99.11,99.11,99.11,99.11,99.11,99.11,99.11,99.11,99.11,99.10,99.37,99.38,99.39,99.41,99.42,99.42,99.43,99.43,99.44,99.44,99.45,99.45,99.45
USA,United States of America,1.10,1.07,1.05,1.03,1.01,0.99,0.98,0.96,0.94,0.92,0.91,0.89,0.89,98.48,98.52,98.55,98.58,98.60,98.63,98.65,98.67,98.70,98.72,98.74,98.77,98.77,99.01,99.10,99.18,99.26,99.35,99.43,99.51,99.59,99.67,99.74,99.82,99.89,99.96,99.87,99.85,99.83,99.80,99.78,99.76,99.74,99.72,99.70,99.68,99.67,99.65,99.63,99.12,99.15,99.18,99.22,99.24,99.27,99.30,99.33,99.36,99.38,99.41,99.44,99.45
URY,Uruguay,1.47,1.42,1.38,1.34,1.30,1.24,1.18,1.11,1.04,0.97,0.90,0.83,0.83,97.97,98.03,98.09,98.14,98.20,98.28,98.36,98.46,98.56,98.66,98.76,98.84,98.84,98.39,98.56,98.71,98.85,98.99,99.13,99.27,99.40,99.48,99.49,99.50,99.50,99.51,95.15,95.44,95.74,96.03,96.32,96.61,96.90,97.19,97.48,97.77,98.05,98.33,98.32,97.17,97.34,97.51,97.68,97.84,98.01,98.18,98.35,98.51,98.64,98.77,98.89,98.89
UZB,Uzbekistan,3.32,2.96,2.69,2.45,2.25,2.08,1.95,1.84,1.74,1.66,1.59,1.52,1.52,95.40,95.90,96.28,96.60,96.88,97.12,97.30,97.46,97.59,97.70,97.80,97.89,97.89,92.02,92.44,92.82,93.22,93.61,94.01,94.41,94.81,95.22,95.63,95.96,96.29,96.62,94.85,94.97,95.09,95.21,95.33,95.45,95.57,95.69,95.82,95.94,96.06,96.18,96.31,94.09,94.44,94.73,95.01,95.27,95.52,95.76,95.99,96.21,96.42,96.61,96.79,96.94
VUT,Vanuatu,4.79,4.81,4.78,4.71,4.60,4.48,4.33,4.18,4.03,3.88,3.74,3.57,3.57,93.36,93.34,93.38,93.48,93.62,93.80,94.00,94.22,94.42,94.62,94.82,95.05,95.05,86.26,86.69,87.11,87.53,87.95,88.38,88.80,89.22,89.64,90.07,90.49,90.91,91.34,52.98,52.49,51.98,51.48,50.96,50.45,49.93,49.40,48.87,48.34,47.80,47.26,46.71,77.54,77.50,77.49,77.49,77.51,77.54,77.58,77.61,77.65,77.68,77.70,77.74,77.70
VEN,Venezuela,2.43,2.45,2.48,2.53,2.60,2.73,3.23,3.23,3.23,3.23,3.23,3.23,3.23,96.63,96.61,96.56,96.49,96.40,96.22,95.53,95.52,95.52,95.52,95.53,95.53,95.53,95.46,95.28,95.10,94.93,94.75,94.57,94.39,94.22,94.04,93.86,93.69,93.51,93.33,91.85,92.40,92.94,93.49,94.03,94.58,95.12,95.67,96.21,96.76,96.99,97.00,98.40,94.65,94.76,94.87,94.97,95.06,95.12,95.02,95.14,95.26,95.38,95.40,95.35,95.75
VNM,Viet Nam,4.72,4.67,4.62,4.57,4.53,4.49,4.44,4.40,4.36,4.33,4.29,4.24,4.24,93.47,93.54,93.60,93.66,93.72,93.78,93.84,93.90,93.96,94.01,94.06,94.13,94.13,88.84,89.63,90.40,91.17,91.92,92.67,93.40,94.13,95.17,95.99,96.67,97.32,97.96,69.40,71.36,73.30,75.24,77.17,79.09,80.99,82.89,84.77,86.64,88.50,90.34,92.17,83.91,84.84,85.77,86.69,87.61,88.51,89.41,90.31,91.30,92.21,93.07,93.93,94.75
VIR,Virgin Islands (US),,,,,,,,,,,,,,,,,,,,,,,,,,,98.72,98.72,98.72,98.72,98.72,98.72,98.72,98.72,98.72,98.72,98.72,98.72,98.72,99.09,99.09,99.09,99.09,99.09,99.10,99.10,99.10,99.10,99.10,99.11,99.11,99.11,,,,,,,,,,,,,
WLF,Wallis and Futuna,,,,,,,,,,,,,,,,,,,,,,,,,,,99.47,99.45,99.43,99.41,99.39,99.37,99.35,99.33,99.31,99.30,99.28,99.26,99.26,94.98,94.90,94.82,94.73,94.65,94.57,94.49,94.40,94.32,94.24,94.16,94.16,94.16,,,,,,,,,,,,,
YEM,Yemen,13.97,13.92,14.08,13.84,14.04,15.36,15.19,15.02,15.96,15.97,14.73,16.11,16.11,80.65,80.72,80.50,80.83,80.55,78.73,78.96,79.19,77.89,77.88,79.60,77.69,77.69,50.53,51.61,52.67,53.72,54.76,55.78,56.79,57.78,58.75,59.72,60.66,61.60,61.76,49.75,50.14,50.52,50.88,51.23,51.57,52.10,52.62,53.13,53.63,54.12,54.60,54.84,60.31,60.82,61.23,61.81,62.18,62.02,62.61,63.20,63.26,63.74,64.79,64.63,64.76
ZMB,Zambia,28.93,27.73,26.56,25.12,23.45,22.04,20.70,20.92,21.60,21.07,19.33,18.23,18.23,59.93,61.59,63.22,65.21,67.51,69.47,71.32,71.02,70.08,70.81,73.22,74.74,74.74,57.76,58.80,59.83,60.86,61.88,62.89,63.89,64.89,65.87,66.85,67.82,68.03,68.25,28.42,29.24,30.05,30.86,31.65,32.44,33.21,33.97,34.72,35.46,36.18,36.24,36.30,48.70,49.88,51.03,52.31,53.68,54.93,56.14,56.63,56.89,57.71,59.08,59.67,59.76
ZWE,Zimbabwe,35.08,30.76,26.35,22.06,20.28,19.17,18.03,17.40,16.28,16.17,15.77,14.32,14.32,51.40,57.40,63.50,69.44,71.90,73.44,75.02,75.89,77.44,77.60,78.16,80.16,80.16,67.54,67.02,66.49,65.97,65.45,64.95,64.47,64.00,63.54,63.09,62.67,62.25,62.29,41.16,40.54,39.93,39.32,38.72,38.12,37.53,36.94,36.36,35.77,35.19,34.61,34.62,53.37,54.99,56.64,58.24,58.69,58.84,59.01,58.94,59.11,58.82,58.67,59.01,59.03