ISO3V10,Country_Territory_Island,CMR_latest,CMR_mean,CMR_std,CMR_trend,CMR_pct_change,WAT_latest,WAT_mean,WAT_std,WAT_trend,WAT_pct_change,SAN_latest,SAN_mean,SAN_std,SAN_trend,SAN_pct_change,CHI_v2023_latest,CHI_v2023_mean,CHI_v2023_std,CHI_v2023_trend,CHI_v2023_pct_change,NRPI_v2023_latest,NRPI_v2023_mean,NRPI_v2023_std,NRPI_v2023_trend,NRPI_v2023_pct_change,infra_gap
AFG,Afghanistan,12.82,17.766153846153845,4.191422865928185,-1.0612087912087909,-49.12698412698413,82.18,65.3623076923077,10.923754813742812,2.8046153846153876,68.29817734998977,55.95,45.744615384615386,6.6845027431423,1.7163736263736273,57.69447576099213,73.46,62.16769230769232,7.783656118052914,1.9972527472527482,47.51004016064256,40.79,40.474999999999994,0.3637306695894657,0.25199999999999506,1.5687250996016002,19.61769230769231
ALB,Albania,1.05,1.1284615384615386,0.1296692043783047,-0.027362637362637346,-27.083333333333325,95.09,93.59615384615383,1.2982586957250242,0.3291758241758228,4.05996935872183,99.3,97.7953846153846,1.475333947420128,0.36818681318681307,4.339602816013445,97.65,96.61,0.9781104232140674,0.24527472527472788,2.952029520295215,,,,,,-4.19923076923078
DZA,Algeria,3.24,3.5938461538461537,0.25293406458134693,-0.06472527472527465,-19.40298507462685,94.66,93.58384615384615,0.8033734961765745,0.20576923076923206,2.556879739978331,85.83,86.53461538461539,0.4920300699587274,-0.1230769230769226,-1.3221430213842327,92.0,91.71307692307693,0.22874238112574832,0.05747252747253065,0.8329679964927721,26.97,26.545,0.4907477288111807,0.33999999999999364,3.2542113323123965,7.0492307692307605
AND,Andorra,0.11,0.1892307692307692,0.07653556237261414,-0.018846153846153832,-67.64705882352942,100.0,100.0,0.0,-1.1147911615022624e-15,0.0,100.0,100.0,0.0,-1.1147911615022624e-15,0.0,99.95,99.9123076923077,0.03562626515972131,0.008736263736266294,0.1101762820512815,,,,,,0.0
AGO,Angola,23.36,32.31384615384615,8.019616094782362,-2.0032967032967015,-51.221549384005016,57.72,54.682307692307695,2.5228626394308313,0.6385714285714303,14.569273521238578,52.18,47.85384615384615,3.9235284682318334,0.983956043956045,27.08231855820749,59.18,52.59307692307693,5.841206189100821,1.465879120879124,41.918465227817734,28.52,28.4,0.13856406460550927,0.09599999999999514,0.8486562942008431,6.828461538461546
AIA,Anguilla,0.13,0.1946153846153846,0.058111299046941615,-0.014450549450549448,-58.06451612903225,97.48,97.43384615384616,0.09674179220468467,0.017582417582419744,0.3087054949578073,96.7,96.48846153846156,0.442828901380022,0.0805494505494542,1.437113185775731,98.0,97.88538461538461,0.20312620808319148,0.03934065934065952,0.6573541495480696,,,,,,0.9453846153845973
ATG,Antigua and Barbuda,0.99,1.2730769230769228,0.2508779456025252,-0.06296703296703295,-43.10344827586207,98.36,98.3676923076923,0.004385290096537389,-0.0008241758241759604,-0.010165700925083985,97.4,97.38615384615386,0.01556623564988588,0.0036813186813211473,0.05136106831023253,98.13,97.99615384615383,0.12086759019263292,0.03027472527473176,0.3682111077017485,,,,,,0.9815384615384346
ARG,Argentina,0.77,1.1746153846153846,0.27491257351551435,-0.0702197802197802,-50.641025641025635,99.04,98.91538461538461,0.1936326153921128,0.04131868131868517,0.6197297571878486,94.82,94.16230769230766,0.8966340190415252,0.20478021978021868,2.7190986891994267,97.6,97.15153846153845,0.4734421146216672,0.11445054945055237,1.4658488408358423,,,,,,4.7530769230769465
ARM,Armenia,1.19,1.523846153846154,0.2744551712495886,-0.06972527472527469,-40.79601990049751,99.97,99.37923076923077,0.6207047276880994,0.1500549450549494,1.8646831057672695,93.98,92.88615384615385,1.090669048959844,0.27,3.3997139399273886,97.43,96.71769230769232,0.6956789710557829,0.17241758241758637,2.1171784928204698,,,,,,6.493076923076927
AUS,Australia,0.56,0.6223076923076925,0.06989919481580197,-0.01664835164835164,-27.272727272727266,99.97,99.94615384615385,0.036179750675955885,0.007802197802197605,0.09010812975571027,100.0,100.0,0.0,-1.1147911615022624e-15,0.0,99.73,99.6946153846154,0.04502136245076471,0.010329670329669064,0.13052208835342335,,,,,,-0.05384615384615188
AUT,Austria,0.67,0.6746153846153846,0.03573406045949824,-0.006428571428571419,-10.666666666666663,100.0,100.0,0.0,-1.1147911615022624e-15,0.0,99.97,99.97538461538463,0.006602252917736005,-0.0014835164835167287,-0.020002000200016024,99.68,99.68000000000004,0.012909944487356405,0.002252747252750226,0.030105368790768826,,,,,,0.02461538461537316
AZE,Azerbaijan,2.01,3.055384615384615,0.9922165034626211,-0.2464835164835163,-59.55734406438632,97.64,92.67769230769233,3.7910643928544965,0.9624175824175835,13.521683525171484,96.13,93.67230769230771,3.919256208870406,0.8348901098901118,13.400967323345522,96.99,94.03846153846156,2.9610635649876613,0.7126373626373651,10.266030013642567,,,,,,-0.9946153846153862
BHS,Bahamas,1.77,2.406153846153846,1.7362437351052729,0.07274725274725281,-18.05555555555556,98.89,98.83923076923078,0.07707804902192068,0.016813186813190707,0.22296544035674354,94.93,94.49153846153851,0.7036434484624328,0.14934065934066393,2.2511848341232263,97.12,96.66538461538462,0.8111166725017157,0.021813186813183356,0.987834043880631,,,,,,4.34769230769227
BHR,Bahrain,1.01,1.0861538461538462,0.06788942744621106,-0.016758241758241674,-17.886178861788615,99.92,99.92846153846155,0.008006407690253332,-0.0019230769230764975,-0.020012007204318612,100.0,99.99692307692308,0.006304251719561198,0.0011538461538474591,0.02000400080015605,99.51,99.47461538461539,0.030170455917278228,0.007362637362643409,0.10059350165980137,,,,,,-0.06846153846153413
BGD,Bangladesh,4.47,6.975384615384616,2.092146487002505,-0.5310439560439558,-58.10684161199625,98.1,97.40076923076921,0.5167762497519529,0.13225274725274755,1.6053858104608982,59.3,50.162307692307685,6.086036140004089,1.562527472527473,45.91535433070865,83.73,79.30153846153847,3.1610041815691163,0.8101098901098928,12.93498786080389,32.39,32.615,0.25980762113533323,-0.1800000000000068,-1.3702801461632241,47.23846153846153
BRB,Barbados,0.87,1.0192307692307692,0.11557548316010756,-0.02956043956043955,-27.499999999999996,98.51,98.47538461538463,0.032816506165695584,0.008241758241760717,0.09144482828693702,98.09,96.49384615384614,1.5144225437524528,0.3791758241758251,4.5178476291955345,98.47,97.85538461538462,0.568618433641507,0.14291208791209145,1.6516981521626863,,,,,,1.9815384615384914
BLR,Belarus,0.68,0.9561538461538461,0.21850013201897087,-0.05571428571428574,-49.25373134328358,99.18,98.48846153846155,0.3223571041005663,0.06296703296703444,0.8952187182095724,99.56,97.73,1.6092700208479616,0.40752747252747257,4.700809759175517,99.27,98.29923076923077,0.7127816582290049,0.18269230769230851,2.1506482815394,,,,,,0.7584615384615461
BEL,Belgium,0.72,0.7361538461538462,0.024677405839641245,-0.005054945054945008,-8.860759493670892,100.0,100.0,0.0,-1.1147911615022624e-15,0.0,99.49,99.49,0.0,5.573955807511312e-15,0.0,99.5,99.49000000000001,0.012909944487359158,0.0024725274725301105,0.04021717273276318,,,,,,0.5100000000000051
BLZ,Belize,1.59,2.093076923076923,0.41397231419876007,-0.10543956043956033,-42.599277978339344,98.41,96.9969230769231,1.604417779213511,0.38774725274725513,4.758356397700659,88.25,87.30461538461539,0.9563525795491217,0.2367582417582448,3.0596753474249736,94.82,93.79999999999998,1.0399118552390234,0.2567582417582455,3.1661407899031624,,,,,,9.692307692307708
BEN,Benin,30.01,35.83846153846154,4.245838837720697,-1.0883516483516475,-29.305064782096586,67.36,65.97076923076924,0.9145988331727883,0.23478021978022307,4.4017358958462545,19.49,16.723846153846154,2.1576010538772703,0.5513186813186813,45.88323353293413,48.43,44.349999999999994,2.9842084377603393,0.7649450549450579,22.020660115898217,41.97,41.36,0.7043673284113428,0.48799999999999316,2.993865030674844,49.24692307692308
BTN,Bhutan,4.33,5.877692307692308,1.3798861900301405,-0.3456593406593405,-49.29742388758782,99.13,97.16307692307691,2.1747466695969613,0.5232417582417584,6.683168316831677,77.94,71.10846153846154,5.226584044022517,1.337527472527474,24.4451540795146,90.36,86.70999999999998,3.0807737123434875,0.7801648351648358,11.225997045790258,61.61,62.175,0.6524058041842786,-0.45200000000001234,-1.8010838380618466,26.054615384615374
BOL,Bolivia,4.6,6.208461538461538,1.4599934141052724,-0.3646703296703295,-49.00221729490023,94.11,90.88076923076922,2.160973783345761,0.5546703296703321,7.6280878316559955,68.61,58.48153846153846,6.815282882553796,1.7495054945054969,42.66999376169681,85.45,80.25307692307692,3.6509505260397237,0.936318681318684,14.94484799569545,61.84,62.49,0.7505553499465119,-0.520000000000008,-2.05891669306303,32.399230769230755
BIH,Bosnia and Herzegovina,0.76,0.8346153846153845,0.05316881677189248,-0.013351648351648336,-19.14893617021276,96.09,96.24846153846153,0.19949294698669473,-0.04439560439560578,-0.5999793110582377,95.39,95.32538461538464,0.06514284107705057,0.01615384615384659,0.17853392144507635,96.81,96.80615384615383,0.030149201630794768,-0.0032967032967038414,-0.05162089613875403,,,,,,0.9230769230768914
BWA,Botswana,6.75,9.663076923076922,2.738948656618036,-0.660824175824176,-55.05992010652463,92.57,88.94461538461539,3.3076870453148364,0.8320329670329721,11.422725084256133,80.55,75.20461538461538,4.743976207403473,1.1954945054945099,20.511669658886884,87.92,83.5876923076923,3.9239800242571583,0.9812637362637379,15.1237396883593,,,,,,13.740000000000009
BRA,Brazil,1.56,1.722307692307692,0.14561100268373986,-0.03615384615384611,-22.77227722772277,99.59,98.11999999999999,1.0578358410768032,0.2707692307692335,3.180687940323257,90.88,86.75538461538463,3.0855216074018323,0.7903846153846155,11.032376298106294,96.11,94.16230769230768,1.4464736075835944,0.37060439560439623,4.62660570433268,,,,,,11.364615384615362
VGB,British Virgin Islands,0.55,0.6869230769230771,0.11571405960272758,-0.02934065934065931,-37.49999999999999,99.86,99.77230769230768,0.2276749820158065,0.03549450549450541,0.76690211907165,96.86,96.85846153846153,0.003755338080995975,0.0006043956043994202,0.010325245224579366,98.66,98.56230769230771,0.12152872405004077,0.026373626373627387,0.42752442996742845,,,,,,2.9138461538461513
BRN,Brunei Darussalam,1.86,1.8338461538461535,0.03775766181374351,0.008956043956043984,4.494382022471914,99.9,99.9,1.479112654199449e-14,-2.229582323004525e-15,0.0,99.48,92.18,4.737951385708104,1.216593406593406,17.200754005655053,98.94,96.51461538461537,1.5646384853197204,0.401758241758242,5.132291998724894,,,,,,7.719999999999999
BGR,Bulgaria,1.06,1.3284615384615381,0.25317471417468984,-0.06324175824175826,-40.44943820224719,99.06,99.2376923076923,0.1204265921736729,-0.03087912087911892,-0.3721210902142256,86.06,85.99230769230768,0.04225987974305465,0.010824175824180214,0.1512859304084667,94.55,94.46384615384613,0.09004984374764065,0.0222527472527487,0.2651113467656416,,,,,,13.245384615384623
BFA,Burkina Faso,32.52,42.88384615384616,8.407193882286704,-2.1395054945054937,-43.50243224461431,49.51,50.68230769230768,1.6098403329013393,-0.39499999999999796,-7.319356046424567,24.76,21.16769230769231,2.257226003476221,0.5792307692307703,40.76179647527005,43.07,37.48384615384616,4.1056476112414115,1.0491758241758258,41.53795596450871,55.1,55.83,0.842931393016854,-0.5840000000000073,-2.581329561527583,29.51461538461537
BDI,Burundi,15.56,22.361538461538466,6.012751514010102,-1.5106593406593403,-53.69047619047619,62.44,59.98692307692309,2.099243453466766,0.5319780219780242,10.474168435951865,45.69,45.83153846153847,0.08867977539497177,-0.022307692307692275,-0.5225342913128718,62.19,58.28076923076924,3.4449031470141054,0.867527472527472,19.66519145660958,33.77,34.035000000000004,0.3059956426704982,-0.21200000000000266,-1.5451895043731605,14.15538461538462
CPV,Cabo Verde,1.91,2.8446153846153845,0.8397878242410936,-0.2113736263736264,-55.373831775700936,89.87,86.42461538461538,2.4817084685911284,0.6324725274725305,8.198892366963644,83.05,72.28923076923076,8.008660376470026,2.0519780219780226,39.15884718498659,90.09,84.92461538461536,3.875587300407118,0.9925824175824247,14.12465163415253,40.89,42.385000000000005,1.7262773048769822,-1.1960000000000008,-6.814038286235191,14.135384615384623
KHM,Cambodia,3.58,4.654615384615384,1.0211155287610325,-0.2505494505494505,-47.4302496328928,78.01,72.23384615384614,3.933371197123273,1.008901098901101,18.430241384545315,76.72,57.26692307692308,12.590883861360027,3.232967032967034,101.73547199579278,83.25,74.35000000000001,5.95886314660775,1.5294505494505533,28.43258253625426,42.92,42.305,0.7101408311032419,0.4919999999999934,2.9503478052290815,14.966923076923067
CMR,Cameroon,23.96,32.22923076923077,7.079163629434461,-1.79098901098901,-46.32616487455197,69.59,66.43230769230769,2.0365581825151073,0.5225274725274724,10.180493983533893,43.12,41.660769230769226,0.9556887702809026,0.24538461538461614,7.263681592039788,59.84,54.48461538461538,4.255509400343308,1.0826923076923094,26.833403984739306,32.5,31.91,0.6812733176437582,0.47199999999999526,3.767560664112387,24.771538461538462
CAN,Canada,0.62,0.6846153846153844,0.05059897637557908,-0.012912087912087896,-19.480519480519483,99.22,99.22769230769231,0.007250110520819531,-0.0017032967032977278,-0.020153164046751333,98.59,99.01615384615383,0.3169526374065601,-0.08120879120878716,-0.9245301979700549,98.98,99.09846153846154,0.08620190967008223,-0.022087912087909046,-0.2519399375188955,,,,,,0.21153846153848122
CAF,Central African Republic,26.49,33.626923076923084,5.351310407453775,-1.3686813186813187,-37.80230100962668,36.3,41.41,3.8934325044447173,-0.9968131868131861,-23.755513547574044,13.85,15.646923076923075,1.4055093063570976,-0.3595054945054941,-22.62569832402234,37.82,36.82846153846154,0.7105730803823787,0.17939560439560467,6.5052098000563285,60.83,61.435,0.6985938257194476,-0.4840000000000158,-1.9503546099290794,25.763076923076923
TCD,Chad,43.92,55.69615384615384,8.912696504109123,-2.2822527472527443,-37.21229449606862,52.0,48.45846153846154,2.534915666427078,0.6500549450549463,16.644235082996865,12.92,11.697692307692307,0.7840403247086408,0.2005494505494509,21.771913289349676,34.7,27.670769230769228,5.219735723735545,1.3374725274725288,78.58980957282554,43.63,44.214999999999996,0.675499814951859,-0.46800000000000364,-2.611607142857131,36.760769230769235
CHL,Chile,0.94,1.1207692307692307,0.11912609135292587,-0.030384615384615354,-27.13178294573644,100.0,99.47923076923077,0.6131402984970298,0.14708791208791705,1.6983626563612342,100.0,99.16692307692308,1.0441534419118745,0.2456593406593474,2.9866117404737444,99.56,99.02999999999999,0.5997638424135523,0.14439560439560706,1.7163874131589774,,,,,,0.31230769230768374
CHN,China,1.89,2.4584615384615387,0.46720527525999667,-0.11862637362637363,-42.55319148936171,97.65,93.25692307692309,2.7918225367890215,0.7158791208791232,10.077781535339886,95.89,86.19,6.522049780041037,1.6739010989010994,26.50395778364117,96.97,92.01384615384616,3.3181835855920188,0.8513186813186818,11.909982688978642,,,,,,7.066923076923089
COL,Colombia,1.81,2.166153846153846,0.2879391851745336,-0.07329670329670326,-32.20973782771535,97.54,96.24,0.8778382538941925,0.22500000000000595,2.8685931238135556,94.73,89.54230769230767,3.380488509683561,0.8680219780219776,12.359150753172816,96.59,94.26076923076924,1.552001189531662,0.3984065934065979,5.206404531096831,,,,,,6.697692307692321
COM,Comoros,10.85,14.325384615384612,2.828228583950902,-0.7203296703296705,-43.31243469174504,80.21,80.80692307692308,1.0974393272172625,-0.21890109890109827,-3.83647044718859,35.91,35.403846153846146,0.6383773500255477,0.14642857142857044,4.602388581415666,67.03,65.45461538461538,1.2132368234370363,0.30857142857142994,5.161593975525571,51.3,52.379999999999995,1.2470765814495937,-0.8640000000000132,-4.040404040404047,45.40307692307694
COG,Congo,11.35,15.435384615384615,2.8831742211915654,-0.6723626373626368,-43.306693306693305,73.97,71.17769230769231,2.8853831456906875,0.7085164835164864,12.262862346334797,20.55,18.987692307692306,1.6202116829093351,0.3979670329670334,27.798507462686583,59.6,56.26153846153846,2.7467400257816132,0.6791208791208798,15.908206923376117,,,,,,52.190000000000005
COK,Cook Islands,1.04,1.2492307692307691,0.16740477584095076,-0.04263736263736261,-32.467532467532465,99.97,99.9546153846154,0.01761409691855805,0.0042307692307736455,0.05004003202561765,85.44,84.88153846153848,0.5942901389311178,0.14620879120879196,1.920553501133245,94.65,94.36769230769232,0.27917001528799307,0.06945054945055275,0.8309364014062012,,,,,,15.073076923076911
CRI,Costa Rica,1.41,1.2892307692307692,0.14337953936211506,-0.01142857142857136,2.173913043478263,99.81,99.24307692307691,0.6322233863567615,0.1536263736263767,1.7950025497195363,98.38,97.22692307692306,0.7949149285236384,0.203791208791212,2.5646371976647138,98.75,98.22846153846152,0.5004305838283367,0.12439560439560414,1.427691043549713,,,,,,2.0161538461538555
CIV,Cote d'Ivoire,20.05,26.056923076923077,4.802069665979772,-1.2246153846153842,-41.219583699794775,72.85,72.28461538461539,0.35193785873397554,0.09032967032967187,1.5472539726791184,36.96,32.31384615384616,3.104149208348772,0.7969230769230782,34.10740203193035,60.68,56.169230769230765,3.3625423455535888,0.8607142857142878,19.708029197080297,,,,,,39.970769230769235
CUB,Cuba,1.01,1.133076923076923,0.09481425836731303,-0.024175824175824107,-22.30769230769231,94.65,93.82153846153845,0.49869573478969875,0.1274725274725359,1.686721100128929,92.15,89.17999999999999,1.9202690783672318,0.49307692307692613,6.865360083497624,95.13,93.81153846153848,0.847730756724936,0.21763736263736588,2.832126256620895,,,,,,4.64153846153846
CYP,Cyprus,0.5,0.4876923076923077,0.020475125621855644,-0.0007142857142857045,-5.660377358490571,99.77,99.78846153846153,0.02154303980645691,-0.005164835164831187,-0.060102173695284256,99.4,99.45846153846153,0.06322527894312145,-0.015494505494501366,-0.17073415687454807,99.49,99.52230769230769,0.027735009811263492,-0.006868131868125571,-0.07030936118924004,,,,,,0.3299999999999983
CZE,Czechia,0.55,0.6076923076923076,0.03139900374052393,-0.00686813186813185,-15.38461538461538,99.88,99.87538461538462,0.007762500258059483,0.001593406593408343,0.020028039254952956,99.14,99.13769230769232,0.00438529009653739,0.0008241758241781899,0.010087763542827718,99.42,99.39076923076924,0.018009968749528694,0.004120879120880916,0.06038647342995398,,,,,,0.7376923076922992
PRK,Democratic People's Republic of Korea,5.33,5.361538461538462,0.698985528627574,-0.13318681318681316,-19.728915662650596,93.89,95.04769230769232,1.1484275760516642,-0.28708791208791085,-3.216163282135867,84.77,82.10076923076923,2.437493458242371,0.6141208791208829,8.637703447392022,90.42,89.90769230769232,0.7219089721720899,0.17038461538461713,2.0311442112389946,,,,,,12.946923076923085
COD,Democratic Republic of the Congo,17.69,24.23,5.296122795655956,-1.348076923076923,-47.14669853600238,35.12,36.1023076923077,0.5809210193900974,-0.14851648351648297,-4.823848238482388,16.17,17.50076923076923,1.1836417077425465,-0.2998351648351656,-17.076923076923066,42.26,40.0123076923077,1.8627585003883969,0.4728021978021989,15.212649945474368,,,,,,18.601538461538468
DNK,Denmark,0.48,0.5576923076923077,0.05464336589099756,-0.01384615384615383,-23.809523809523814,100.0,100.0,0.0,-1.1147911615022624e-15,0.0,99.6,99.6,1.479112654199449e-14,5.573955807511312e-15,0.0,99.65,99.60846153846157,0.027339273901038894,0.006923076923081411,0.0803454855880411,,,,,,0.4000000000000057
DJI,Djibouti,8.69,11.437692307692307,2.148379830811092,-0.5489560439560438,-42.02801867911942,76.17,75.85923076923076,0.182412606401966,0.046483516483516354,0.7273208145993085,66.91,62.168461538461536,4.317622505796923,1.088241758241758,21.80957582377571,77.01,74.06153846153846,2.4851520615911546,0.6314285714285741,10.124410124410122,34.94,33.269999999999996,1.9283498990933479,1.3359999999999934,10.569620253164546,13.690769230769227
DMA,Dominica,4.0,3.753846153846154,0.2481443955152746,0.06153846153846161,20.845921450151057,95.42,95.36384615384615,0.11828908526279092,0.021428571428574968,0.38926880589164076,80.37,79.78999999999999,1.2154354500891198,0.2209340659340686,4.921671018276776,90.08,89.98230769230769,0.3590996576196706,0.05241758241758439,1.1907436531116629,,,,,,15.573846153846162
DOM,Dominican Republic,5.87,6.285384615384616,0.21512071745167427,-0.04725274725274735,-9.133126934984517,96.75,95.53769230769231,0.8329481160928112,0.21340659340659782,2.7288171586323986,88.68,85.65307692307694,1.9951290042475331,0.5122527472527497,7.451835696110512,92.44,90.82923076923076,1.0290243076045509,0.2639560439560437,3.5742296918767478,,,,,,9.884615384615373
ECU,Ecuador,1.76,2.151538461538462,0.3300213668296381,-0.08329670329670327,-36.462093862815884,95.7,93.2523076923077,2.1294723675367493,0.5373076923076978,6.891544733608848,92.27,86.75846153846153,3.981423209008402,1.0201648351648376,14.792236874844491,95.18,92.34384615384617,2.1865061112100683,0.5580219780219784,7.317623181869442,,,,,,6.493846153846164
EGY,Egypt,2.77,3.5676923076923086,0.6860776662321578,-0.17313186813186807,-42.65010351966873,98.77,98.69153846153846,0.08315108275965293,0.02038461538461801,0.23340775319666102,97.53,96.18076923076924,1.1249478620396984,0.28642857142857453,3.348521775988128,97.49,96.64307692307692,0.7174188062699103,0.18219780219780182,2.1800649827062135,,,,,,2.5107692307692133
SLV,El Salvador,1.75,2.159230769230769,0.35325773259905524,-0.08890109890109876,-38.16254416961131,98.59,95.21000000000001,3.047564601448178,0.7581868131868139,10.058048671578483,87.55,85.80153846153847,1.260951004558638,0.32313186813187095,4.537313432835818,94.57,92.67384615384616,1.594472422995238,0.4017582417582442,5.311804008908682,28.97,28.395,0.6639528095680688,0.45999999999999563,4.133716750539175,9.408461538461538
GNQ,Equatorial Guinea,20.77,26.793076923076917,4.776966234992289,-1.2189560439560443,-40.48710601719198,64.67,63.780769230769224,1.3543969232248825,0.2902747252747253,6.998676373262747,66.31,65.87153846153844,0.785693389665527,0.15478021978022194,3.885320382265399,67.4,64.17846153846155,2.8387991773337515,0.7106593406593418,14.938608458390185,,,,,,-2.0907692307692116
ERI,Eritrea,9.41,12.463846153846152,2.490788156593338,-0.6340109890109884,-43.787335722819584,51.85,51.282307692307704,0.738502469485309,0.17109890109890316,3.741496598639465,11.94,11.762307692307692,0.25199715098104614,0.05653846153846182,6.60714285714286,50.25,48.592307692307685,1.4639567038574715,0.36857142857142927,9.239130434782608,30.07,29.259999999999998,0.9353074360871942,0.6479999999999942,5.694200351493853,39.52000000000001
EST,Estonia,0.45,0.6623076923076922,0.1811607870628486,-0.04587912087912085,-54.545454545454554,100.0,99.73384615384614,0.3423336204527791,0.07873626373626486,0.989699050696833,99.06,99.10384615384615,0.06788942744620999,-0.012747252747250023,-0.21154427319431224,99.48,99.30692307692308,0.1748039194538008,0.04296703296703375,0.5153076689906084,,,,,,0.6299999999999955
SWZ,Eswatini,11.62,16.35076923076923,5.488979051302803,-1.1336263736263736,-63.413098236775824,73.47,67.61153846153846,3.6830893874432973,0.945164835164838,18.34729381443299,64.42,61.39999999999999,2.915555978997258,0.7312087912087932,14.017699115044252,73.93,68.78692307692307,4.492114173035871,1.0819780219780246,27.02749140893471,28.55,28.555,0.00577350269189511,-0.004000000000001142,-0.03501400560223393,6.211538461538467
ETH,Ethiopia,12.98,19.457692307692305,5.5500963262604035,-1.4045054945054942,-55.714773114977824,51.51,42.87230769230769,5.665314280552836,1.4545604395604406,51.544571932921436,9.34,7.716153846153846,1.1635329708946687,0.29840659340659365,58.843537414965986,47.62,41.21384615384615,4.825274670008499,1.2329670329670332,43.91054699304924,50.47,50.74,0.3117691453623974,-0.21599999999999905,-1.0586159576553602,35.15615384615385
FJI,Fiji,4.58,4.048461538461538,0.3702667091400952,0.09203296703296712,24.456521739130434,95.49,95.28,0.13335416503931624,0.03423076923077303,0.4312158182583052,93.04,92.74615384615385,0.787776813375659,0.18093406593406722,1.9058050383351688,94.06,94.13846153846156,0.1778504125122261,0.029560439560445188,0.31996587030716417,,,,,,2.533846153846156
FIN,Finland,0.39,0.44846153846153847,0.04930283187372944,-0.01241758241758242,-27.77777777777778,100.0,100.0,0.0,-1.1147911615022624e-15,0.0,99.45,99.45000000000003,1.479112654199449e-14,1.1147911615022624e-15,0.0,99.64,99.61076923076925,0.02215909838025219,0.00560439560439653,0.07030229988953239,,,,,,0.5499999999999687
FRA,France,0.91,0.9830769230769231,0.06005339504482872,-0.015054945054945045,-17.272727272727277,100.0,100.0,0.0,-1.1147911615022624e-15,0.0,98.65,98.65076923076923,0.0027735009811236237,-0.0003296703296614658,-0.010135819987827798,99.13,99.09692307692309,0.027804260879887775,0.006923076923079181,0.09087237479805048,,,,,,1.349230769230772
GAB,Gabon,10.7,15.126923076923076,3.4830096770259495,-0.886923076923077,-49.50448324681454,86.93,85.02538461538461,1.1895910738892288,0.30324175824176186,4.157680325904641,49.9,48.18384615384616,1.967966541304071,0.4637912087912105,13.35756474329849,74.0,70.75384615384615,2.62522233490657,0.6654395604395617,12.053301029678972,,,,,,36.84153846153845
GMB,Gambia,14.37,20.484615384615385,5.063089661765524,-1.285934065934066,-51.1058183055461,85.65,82.09692307692309,2.329278803318689,0.5980769230769245,9.14999362813815,47.72,46.878461538461536,0.4619496032008638,0.11620879120879257,2.9557713052858627,71.15,66.86692307692307,3.2541624232547295,0.8314835164835186,15.93612514257782,34.16,33.55,0.7043673284113428,0.48799999999999316,3.7037037037037006,35.218461538461554
GEO,Georgia,1.06,1.1907692307692308,0.1491901213475353,-0.03505494505494505,-30.71895424836601,94.98,94.30000000000001,0.5628202791892515,0.023241758241763194,-0.1996427445623597,86.26,86.92230769230767,0.48532040698480383,-0.12406593406593375,-1.6868019147481077,93.26,93.19307692307692,0.18557948051911136,-0.0176923076923069,-0.36324786324785174,,,,,,7.377692307692342
DEU,Germany,0.54,0.6138461538461538,0.05393490853773981,-0.013791208791208766,-22.857142857142847,100.0,100.0,0.0,-1.1147911615022624e-15,0.0,99.23,99.22461538461539,0.005188745216630362,0.0011538461538508037,0.0100786131828312,99.49,99.45846153846153,0.024442501865311352,0.0062087912087903764,0.07040836853751073,,,,,,0.7753846153846098
GHA,Ghana,11.78,16.436923076923076,3.946112822798711,-0.9989010989010988,-49.9787685774947,88.37,82.02307692307691,4.15940377260849,1.0680219780219802,16.87607459330777,28.58,21.63,4.415372766445282,1.1335164835164844,90.660440293529,66.88,60.29615384615385,4.661583311961611,1.1948351648351658,27.003418154196734,33.91,33.595,0.3637306695894616,0.2519999999999932,1.8930288461538325,60.39307692307692
GRC,Greece,0.45,0.4953846153846154,0.028756270219259618,-0.0026923076923076827,-6.249999999999995,100.0,99.98461538461538,0.02726884199209355,0.00549450549450826,0.08006405124099109,99.0,98.89307692307692,0.14857010777096827,0.032802197802198764,0.43623820635082367,99.46,99.39769230769231,0.059323104851572606,0.014340659340660594,0.1913971995567621,,,,,,1.0915384615384625
GRD,Grenada,1.79,1.9607692307692306,0.11094003924504575,-0.028241758241758216,-15.165876777251178,95.63,95.67384615384617,0.1093570956041475,-0.013791208791204752,0.0,91.49,91.64461538461538,0.32322890198267135,-0.05884615384615242,-1.0811979673478216,94.88,94.86692307692307,0.10036471951376702,-0.01093406593406068,-0.189354092152332,,,,,,4.029230769230793
GTM,Guatemala,3.53,4.644615384615385,0.9438804248474784,-0.23890109890109876,-44.321766561514195,94.62,92.42846153846152,1.4055416877124058,0.3608791208791244,4.807266282676123,69.62,67.35923076923078,1.3070160770399988,0.3346153846153869,6.5014532660241695,86.45,84.45153846153845,1.3349085246678036,0.34247252747252865,5.055292259083724,,,,,,25.069230769230742
GIN,Guinea,37.33,42.861538461538466,3.8752523491033166,-0.9934065934065929,-23.629296235679224,71.45,64.10923076923078,4.673825095747705,1.199945054945056,25.26297335203367,31.27,24.306153846153848,4.362211859560733,1.119505494505495,75.3785754346607,50.34,43.01461538461538,4.799834398852763,1.2320329670329684,40.92945128779397,41.05,40.825,0.2598076211353291,0.1799999999999954,1.1083743842364426,39.80307692307693
GNB,Guinea-Bissau,25.62,33.36615384615384,6.431562198073832,-1.629835164835165,-43.129855715871244,61.78,60.67153846153845,0.8569212930976228,0.21835164835164855,4.375739145125872,27.84,21.01307692307692,4.920525691115033,1.2615934065934071,106.52818991097924,51.38,45.156153846153835,4.885474283461022,1.246373626373629,39.80952380952382,54.27,54.02,0.28867513459481287,0.19999999999998688,0.9298865538404314,39.65846153846152
GUY,Guyana,4.56,5.702307692307693,0.871303179593206,-0.2230219780219778,-35.41076487252125,95.86,93.89,1.326153585876588,0.34043956043956614,4.388544048785801,90.99,87.32538461538462,2.3721987528613466,0.6091208791208824,8.7226669853029,93.51,91.10384615384615,1.6335775589256984,0.4193406593406606,5.565590426732904,,,,,,6.564615384615379
HTI,Haiti,13.85,20.283846153846152,11.655944505173844,-1.9047252747252745,-76.21500944530311,67.42,64.94076923076922,1.7126464002553752,0.43928571428571606,8.392282958199354,37.48,33.21769230769231,3.680908297884625,0.9321978021978026,37.99705449189984,61.9,56.6876923076923,6.704780823967023,1.3363186813186836,70.85288434998621,29.45,29.75,0.3464101615137763,-0.2400000000000021,-1.9966722129783743,31.72307692307691
HND,Honduras,2.36,2.980769230769231,0.5104158686545305,-0.12972527472527465,-39.175257731958766,95.8,93.27230769230769,1.705281764822428,0.43769230769230827,5.774539030584084,84.4,79.33538461538463,3.363801459124818,0.8635714285714302,13.992436520799567,92.31,89.49230769230768,1.9234870844647138,0.4935714285714317,6.827913435944922,43.0,42.835,0.1905255888325755,0.1319999999999931,0.7733770799156275,13.936923076923065
HUN,Hungary,0.69,0.7999999999999999,0.10327955589886448,-0.02576923076923077,-27.368421052631582,100.0,99.98153846153848,0.015191090506255575,0.0032967032967038414,0.03000900270081138,97.98,97.99307692307693,0.009473309334313361,-0.0023076923076882296,-0.030609121518213586,99.01,98.95692307692308,0.04871423737550475,0.012142857142860635,0.12134695115785675,,,,,,1.98846153846155
ISL,Iceland,0.54,0.5453846153846154,0.0066022529177352535,0.0003296703296703493,-1.8181818181818195,100.0,100.0,0.0,-1.1147911615022624e-15,0.0,98.78,98.77999999999999,1.479112654199449e-14,4.45916464600905e-15,0.0,99.34,99.34153846153846,0.003755338080990638,-0.00038461538461396176,0.0,,,,,,1.220000000000013
IND,India,5.27,8.610769230769229,2.8444755273408537,-0.72032967032967,-61.42020497803807,93.3,89.76230769230769,2.322014763971701,0.5962087912087983,8.299477655252456,78.39,60.67692307692308,11.612783462356893,2.9817582417582433,83.5401545305549,88.13,79.50538461538463,5.944578223592505,1.5250000000000015,25.935981709059718,16.77,16.785,0.01732050807568943,-0.01200000000000248,-0.17857142857143532,29.085384615384605
IDN,Indonesia,3.35,4.456153846153846,0.9242613128109249,-0.23450549450549446,-44.991789819376024,94.11,89.40923076923076,3.105523202131062,0.7973076923076958,11.333254465870104,88.16,75.24692307692307,8.702373607830015,2.2341208791208818,42.538399353274045,92.54,86.16076923076922,4.357243894823239,1.1184065934065952,16.666666666666686,35.96,35.605000000000004,0.40991869112463475,0.28399999999999664,2.014184397163123,14.162307692307692
IRN,Iran,1.78,2.1784615384615384,0.3423411104402098,-0.08620879120879114,-37.102473498233216,97.69,96.89923076923077,0.5388948805729101,0.13824175824176585,1.7286264708945085,90.36,88.3753846153846,1.8301576224677787,0.45972527472527486,6.093694963015143,95.2,94.08538461538463,0.9469654638600021,0.23956043956043974,3.00800692490803,,,,,,8.523846153846165
IRQ,Iraq,3.85,4.922307692307693,0.8504033733681313,-0.2169780219780217,-39.46540880503145,98.38,94.8453846153846,3.0834764346556836,0.7820879120879123,9.615598885793867,98.5,92.59538461538463,5.618506052004416,1.4091208791208805,18.717608774255755,97.18,93.5423076923077,3.290884262742954,0.8308241758241811,10.469478231215195,,,,,,2.2499999999999716
IRL,Ireland,0.4,0.4984615384615385,0.07701148765456509,-0.019670329670329646,-35.48387096774193,95.99,96.19461538461539,0.2042716893671822,-0.05060439560439393,-0.5800103573278118,89.25,89.50692307692307,0.22242544126757732,-0.05604395604394858,-0.7009345794392473,94.9,95.00307692307696,0.10827315883023088,-0.02670329670329331,-0.30465385019433977,,,,,,6.687692307692316
ISR,Israel,0.67,0.7607692307692306,0.07365024761912871,-0.01873626373626371,-24.719101123595504,100.0,100.0,0.0,-1.1147911615022624e-15,0.0,99.92,99.9615384615385,0.026091554778686053,-0.00664835164834903,-0.0799999999999983,99.67,99.63615384615386,0.025993095730232656,0.006593406593406567,0.08032935033637745,,,,,,0.038461538461504574
ITA,Italy,0.39,0.49769230769230766,0.07258946734362202,-0.01846153846153846,-35.0,99.92,99.89923076923077,0.0368468764984533,0.007417582417585872,0.11020939785592568,99.89,99.89000000000001,1.479112654199449e-14,7.803538130515837e-15,0.0,99.76,99.69769230769232,0.04475001790573992,0.01142857142857406,0.1405340293113838,,,,,,0.009230769230754277
JAM,Jamaica,1.75,2.069230769230769,0.24441977342478993,-0.06252747252747252,-29.149797570850204,91.1,90.74923076923076,0.3473581614237564,0.03456043956044007,-0.1534414730381418,86.55,85.91692307692307,0.6879363417180465,0.16994505494505627,2.184179456906723,91.74,91.26615384615386,0.3905879854257867,0.09697802197802537,0.9907529722589073,,,,,,4.832307692307694
JPN,Japan,0.57,0.7161538461538461,0.11049422771789648,-0.027802197802197767,-33.720930232558146,99.14,98.94846153846154,0.14153010008746875,0.03626373626374002,0.41527397954015655,99.94,99.95538461538465,0.011266014242981376,-0.0028021978021949205,-0.03000900270081138,99.43,99.30461538461539,0.09216067351962054,0.02351648351648443,0.2621760613088687,,,,,,-1.0069230769231012
JOR,Jordan,2.06,2.455384615384615,0.31258639831294066,-0.07978021978021968,-30.87248322147651,98.97,98.90769230769232,0.05585007403066665,0.01384615384615502,0.17206477732793696,97.14,97.49461538461543,0.29770274281054804,-0.07576923076922916,-0.8471981218740413,97.75,97.66692307692308,0.06421119001449149,0.016153846153849936,0.20502306509482607,,,,,,1.4130769230768863
KAZ,Kazakhstan,1.14,1.4100000000000001,0.3681937895547217,-0.08390109890109892,-48.87892376681614,95.44,94.9446153846154,0.6129112957110985,0.14395604395604952,1.900491138159301,97.86,97.72384615384614,0.17332716951565375,0.04098901098901144,0.47227926078028104,97.24,96.90538461538462,0.43001192589305715,0.10000000000000017,1.3022189811438691,,,,,,-2.779230769230736
KEN,Kenya,9.43,12.714615384615387,3.001384723158672,-0.7520879120879124,-48.35706462212487,62.86,58.80384615384616,2.658146404487968,0.682527472527473,14.959765910753475,36.53,34.106923076923074,1.5523014345125576,0.39857142857142946,15.091367359798372,62.11,58.433076923076925,2.7733655385210954,0.7078571428571435,15.63954570843418,33.35,33.04,0.35795716689757057,0.2479999999999949,1.8942865872288561,24.696923076923085
KIR,Kiribati,10.37,12.987692307692308,1.9504065979779444,-0.4996153846153845,-35.025062656641616,75.69,71.93384615384615,2.383294423207571,0.6117582417582443,10.998680158380994,45.18,42.86,1.5025367438657427,0.3838461538461557,12.109181141439212,68.84,65.6023076923077,2.191309174314729,0.5623076923076934,10.799935618863673,56.31,55.185,1.299038105676658,0.8999999999999941,4.1620421753607095,29.073846153846148
KWT,Kuwait,1.27,1.3407692307692305,0.08798309861004919,-0.020384615384615362,-16.99346405228758,100.0,100.0,0.0,-1.1147911615022624e-15,0.0,100.0,100.0,0.0,-1.1147911615022624e-15,0.0,99.42,99.38153846153847,0.04180234320508633,0.009835164835164601,0.13092960016113955,,,,,,0.0
KGZ,Kyrgyzstan,1.88,2.46,0.5606395157912673,-0.1390659340659341,-47.33893557422969,90.8,88.3992307692308,1.892460750532937,0.48313186813186654,6.397937661120218,97.86,97.02615384615385,0.9065919558207943,0.2209340659340664,2.6862539349422896,95.35,94.00615384615382,1.1827548242805728,0.2986263736263732,3.7540805223068427,,,,,,-8.626923076923049
LAO,Lao People's Democratic Republic,8.58,11.993846153846155,2.943366945244676,-0.7423626373626371,-50.71797817346353,85.46,78.58615384615385,6.347740462113976,1.5973076923076943,25.935750073681103,79.51,70.57307692307693,8.294245379192517,2.0848351648351664,40.900230373914596,84.36,77.51615384615384,6.2323812175624855,1.569835164835167,26.41990109396073,,,,,,8.013076923076923
LVA,Latvia,0.52,0.7953846153846154,0.26393229512558025,-0.06532967032967028,-60.0,98.89,98.58076923076922,0.20287358701342248,0.05208791208791512,0.6309148264984273,92.44,91.60615384615383,0.9134507691672885,0.22192307692307978,2.6312867769512653,96.87,96.36153846153844,0.49015042170484263,0.1215934065934081,1.4239346665270647,,,,,,6.97461538461539
LBN,Lebanon,1.2,1.3538461538461537,0.12855209459841963,-0.0324725274725274,-24.52830188679246,92.6,91.19461538461539,1.385271425777966,0.34582417582418057,4.267537439477527,99.2,94.64384615384617,4.291234357115947,1.0786813186813184,13.50114416475972,96.71,94.65384615384616,1.9502672400705263,0.48967032967033064,5.890725938902875,16.82,16.665,0.17897858344878326,0.12399999999999745,1.877649909145964,-3.4492307692307804
LSO,Lesotho,16.93,19.903076923076924,4.191533897066373,-0.8912637362637358,-39.23187365398421,73.97,71.69538461538461,1.5031722865583037,0.3859340659340702,6.600374693759906,50.28,42.04,7.048357964802866,1.7913736263736277,65.23167926388433,66.93,62.05538461538462,4.613398269144296,1.137142857142857,24.544101228135474,21.83,21.58,0.28867513459481287,0.19999999999999638,2.344116268166901,29.655384615384612
LBR,Liberia,20.48,24.73076923076923,3.1728626967310913,-0.8114285714285709,-32.14049039098741,75.61,72.58538461538461,2.0199489077062296,0.5185164835164848,8.963827640870441,22.52,19.14,2.1337017910976535,0.5476923076923079,41.19122257053292,56.59,52.48923076923077,2.8460717417124886,0.7300549450549475,18.26541274817137,19.85,20.055,0.23671361036774666,-0.16400000000000223,-2.023692003948668,53.44538461538461
LBY,Libya,1.56,2.0746153846153845,0.7950536185756635,-0.13428571428571412,-35.26970954356847,99.89,97.48076923076925,2.564996626178617,0.6309890109890115,7.489508232002576,92.11,91.93846153846152,0.2366729865533925,0.0537912087912095,0.7217058501913577,96.61,95.51538461538459,1.2162073245998208,0.29021978021978173,3.127668659265577,,,,,,5.54230769230773
LTU,Lithuania,0.6,0.8446153846153845,0.17914683849733365,-0.04554945054945055,-48.275862068965516,98.04,96.70923076923076,1.3885031601120077,0.3423076923076968,4.0212201591512,95.31,92.2176923076923,2.0099218635150713,0.5160989010989017,6.933692359474933,97.51,95.91923076923078,1.2044947871650133,0.30747252747252884,3.822402044293019,,,,,,4.491538461538454
LUX,Luxembourg,0.5,0.5046153846153845,0.005188745216627713,0.00021978021978022414,-1.960784313725492,99.89,99.92538461538462,0.04960097186806333,-0.011813186813186907,-0.10999999999999942,97.59,97.60923076923076,0.01754116038613948,-0.004395604395601034,-0.051208521097907786,98.93,98.94692307692308,0.02428463690779751,-0.005714285714282571,-0.0505152556071905,,,,,,2.3161538461538527
MDG,Madagascar,21.73,22.12692307692308,0.7557489068840326,-0.14879120879120783,-9.646569646569647,53.47,48.84076923076923,3.0171467248004955,0.7747252747252767,21.05501471587049,14.75,11.630769230769232,2.0057062826614698,0.515,72.1120186697783,46.04,43.27384615384615,1.9538787853120017,0.49846153846153773,15.649334338105994,29.34,29.415,0.08660254037844305,-0.06000000000000005,-0.5086469989827012,37.21
MWI,Malawi,11.0,18.76615384615385,7.205430288402327,-1.7887912087912083,-66.3505659223004,71.87,67.02000000000001,3.163294695935445,0.8122527472527491,15.676806695638183,49.24,36.20153846153846,8.53590148154043,2.1917582417582415,114.5533769063181,68.62,59.07538461538461,7.1697601254442445,1.8273076923076945,47.25321888412018,58.33,59.084999999999994,0.8717989064763377,-0.6040000000000159,-2.523395721925142,30.81846153846155
MYS,Malaysia,1.1,1.159230769230769,0.03174416966455893,-0.00642857142857141,-6.77966101694914,97.16,97.06692307692308,0.04069902033722898,0.009999999999999794,0.14430014430014487,96.0,95.49384615384614,0.44006701121417247,0.11126373626374127,1.3299556681444007,97.21,96.98615384615385,0.1687472696835134,0.043131868131868936,0.5170096163788647,,,,,,1.5730769230769397
MDV,Maldives,0.87,1.333076923076923,0.36686474836067795,-0.09368131868131867,-55.38461538461539,99.56,98.80692307692306,0.829903454378728,0.20186813186813327,2.3542716150920184,99.7,94.67692307692309,4.113006573897382,1.0481318681318688,13.501821493624771,99.35,97.21307692307693,1.8116998675984957,0.4600000000000028,5.545522150217783,,,,,,4.129999999999967
MLI,Mali,37.76,47.57,7.643231210249585,-1.9525824175824156,-37.55581279973541,83.65,74.74230769230769,5.853987464179371,1.5030769230769248,27.47637915269735,50.21,39.71153846153847,6.667968014012772,1.711813186813188,69.1711590296496,60.52,49.52076923076923,7.692365762601324,1.9733516483516487,62.775685852608945,39.3,39.54,0.27712812921102264,-0.19200000000000547,-1.2066365007541577,35.030769230769224
MLT,Malta,0.75,0.8146153846153846,0.03843075691322089,-0.009340659340659313,-11.764705882352938,100.0,100.0,0.0,-1.1147911615022624e-15,0.0,99.96,99.96000000000002,1.479112654199449e-14,3.344373484506787e-15,0.0,99.64,99.61307692307695,0.015483655567845324,0.0036813186813189178,0.040160642570287404,,,,,,0.03999999999997783
MHL,Marshall Islands,5.05,6.2807692307692315,0.8975657964597132,-0.2298351648351648,-33.28929986789961,85.06,86.43153846153845,0.9177131555651983,-0.2355494505494482,-3.2199340084196137,81.46,82.95692307692306,1.482556264336393,-0.3709340659340633,-4.647079480276265,86.51,86.89461538461538,0.389713899004029,-0.09593406593406395,-1.2555644332838651,,,,,,3.47461538461539
MRT,Mauritania,8.57,11.67153846153846,2.424344743615775,-0.6195054945054943,-45.48346055979644,77.81,67.35076923076923,6.75331827269437,1.7340659340659357,36.460890915468255,55.93,43.815384615384616,7.614703556699385,1.9543956043956054,72.19827586206898,73.96,64.99846153846154,5.902221116034548,1.5154945054945066,32.28402790198533,29.79,28.879999999999995,1.050777489925119,0.7279999999999943,6.5069717554522715,23.535384615384615
MUS,Mauritius,1.32,1.6915384615384614,0.2802928871093638,-0.07159340659340652,-37.142857142857146,100.0,99.85076923076925,0.12406057246774856,0.031593406593406606,0.35122930255895063,95.46,95.27692307692308,0.3947443184177266,0.07060439560439463,1.3053167780961368,97.88,97.59615384615384,0.2791516452139261,0.06703296703297067,0.9176203732343547,,,,,,4.573846153846162
MEX,Mexico,1.86,2.256923076923077,0.3177626109583645,-0.08093406593406595,-33.80782918149466,99.71,97.95461538461538,1.3250007256892065,0.3387912087912098,4.081419624217116,92.52,88.8530769230769,2.4631598426120065,0.6323076923076931,8.885488996116273,96.55,94.55923076923077,1.407305116990516,0.3608241758241786,4.61588471123631,,,,,,9.101538461538482
FSM,Micronesia (Federated States of),3.92,4.973076923076923,0.8203290459259283,-0.20972527472527472,-37.28,90.11,90.21153846153847,0.1352063949329669,-0.031153846153843496,-0.4089301503094656,90.45,83.84846153846155,8.91396549069104,2.043516483516486,37.19096010920672,91.71,89.0576923076923,3.276962907546543,0.767582417582421,11.055945749576162,,,,,,6.3630769230769175
MCO,Monaco,1.96,2.327692307692308,0.2758971380229066,-0.07065934065934068,-28.72727272727273,100.0,100.0,0.0,-1.1147911615022624e-15,0.0,100.0,100.0,0.0,-1.1147911615022624e-15,0.0,99.09,98.92461538461536,0.1262679284046008,0.032307692307690955,0.36463081130355457,,,,,,0.0
MNG,Mongolia,2.08,2.8346153846153848,0.6913949110869438,-0.17186813186813182,-50.943396226415096,83.51,79.39615384615385,2.6669006307620404,0.6847252747252791,11.080074487895713,69.96,63.894615384615385,4.547535258035601,1.1640659340659352,23.408008467101777,83.53,79.78769230769231,2.716207999663483,0.695879120879122,10.885437408734903,51.97,52.46,0.5658032638058356,-0.39200000000001134,-1.8508026440037846,15.501538461538466
MNE,Montenegro,0.36,0.5784615384615385,0.1859590525647225,-0.04708791208791207,-60.439560439560445,98.86,97.68846153846151,0.9943326585692721,0.25186813186813556,2.8078202995008352,97.81,95.83384615384615,1.7992338112908806,0.4536813186813208,5.3987068965517295,98.73,97.57461538461538,1.0156821630856063,0.2571978021978042,2.95099061522419,,,,,,1.8546153846153572
MSR,Montserrat,0.77,0.9153846153846152,0.11347653095210077,-0.029010989010989006,-30.000000000000004,98.08,98.07230769230767,0.005991446895153414,0.001318681318684881,0.020395676116659208,89.1,87.58153846153847,1.3239766246290356,0.33587912087912436,4.320337197049523,95.37,94.79461538461538,0.4959270004179959,0.12593406593406778,1.479038093211322,,,,,,10.490769230769203
MAR,Morocco,2.61,3.3630769230769224,0.6413057593091432,-0.16225274725274708,-42.12860310421286,87.02,81.30153846153847,4.1927156000096275,1.072912087912088,16.13505938876283,87.52,83.34769230769231,3.361988880226886,0.8575824175824192,12.320328542094447,90.31,86.66461538461537,2.8090230074547726,0.71835164835165,9.8661800486618,21.76,21.610000000000003,0.17320508075688815,0.1199999999999963,1.397949673811746,-2.0461538461538424
MOZ,Mozambique,19.56,25.95846153846154,6.033000699146109,-1.4951098901098898,-45.95192042000553,63.2,51.22461538461538,7.9933812363569645,2.052087912087913,61.926723033563924,37.38,29.274615384615384,5.253506155233563,1.3488461538461542,75.32833020637901,57.83,48.18076923076923,7.139813794885762,1.823956043956045,57.40337506804571,48.77,49.495000000000005,0.8371578903249549,-0.5800000000000091,-2.8872958980485777,21.95
MMR,Myanmar,8.37,11.25153846153846,2.3996383274493893,-0.6085714285714283,-46.2082262210797,82.38,73.46076923076923,6.605524785534279,1.6925824175824191,30.24505928853754,74.13,71.69,1.8119510663002647,0.4642857142857161,7.700130756937377,81.64,76.52076923076923,3.906213984449352,0.9997252747252782,16.329438586491868,,,,,,1.7707692307692326
NAM,Namibia,9.95,12.07153846153846,1.1932018979329397,-0.23043956043956046,-22.92796281951976,85.91,83.53307692307693,1.6612614916351212,0.42620879120879396,6.205958709358383,35.84,34.08,1.1774619597535492,0.301923076923077,11.477449455676531,69.32,66.96307692307693,1.402529765669784,0.3495054945054961,6.564181398923899,,,,,,49.453076923076935
NRU,Nauru,4.55,5.737692307692307,0.8899733502204232,-0.22796703296703294,-36.09550561797753,97.0,97.08461538461538,0.12842737147349068,-0.02802197802197485,-0.3697617091207882,65.93,65.87769230769233,0.06326582096649272,0.015054945054948286,0.25851581508516075,85.55,85.00692307692309,0.3961562110957528,0.10148351648351689,1.3385453683961093,,,,,,31.206923076923047
NPL,Nepal,4.44,6.427692307692307,1.7521184979245068,-0.4413186813186811,-53.84615384615385,91.24,88.69999999999997,1.9328174599100993,0.4947802197802205,6.601238462437191,80.39,62.17615384615384,13.229127924433481,3.390824175824177,91.17717003567182,88.49,80.65692307692308,5.850222765865965,1.4987912087912092,23.866181410974242,44.78,44.98,0.2309401076758495,-0.16000000000000583,-0.8853474988933124,26.523846153846137
NLD,Netherlands,0.55,0.5969230769230769,0.044419330511354195,-0.010879120879120838,-20.289855072463755,100.0,100.0,0.0,-1.1147911615022624e-15,0.0,97.67,97.72923076923078,0.044433759399346615,-0.011263736263734407,-0.14313464880891583,98.97,98.9669230769231,0.006304251719561199,0.0011538461538519184,0.020212228398176876,,,,,,2.2707692307692184
NZL,New Zealand,0.79,0.9130769230769231,0.09944718995398308,-0.02532967032967033,-26.16822429906542,100.0,100.0,0.0,-1.1147911615022624e-15,0.0,100.0,100.0,0.0,-1.1147911615022624e-15,0.0,99.64,99.58000000000003,0.04672615256291994,0.011923076923077406,0.13064013666967686,,,,,,0.0
NIC,Nicaragua,1.87,2.643076923076923,0.640018028592224,-0.16269230769230766,-50.26595744680851,81.71,81.40923076923076,0.2328612440367823,0.05939560439560603,0.814312152991976,73.02,71.31076923076922,2.191781853266353,0.5095054945054956,9.082760681207048,84.05,83.02153846153844,1.0899453056143535,0.2650000000000018,3.8551834919065735,41.11,40.585,0.6062177826491054,0.4199999999999918,2.621068397403887,10.098461538461535
NER,Niger,59.17,63.31923076923077,4.021760521501459,-0.9703846153846141,-18.047091412742382,48.9,46.167692307692306,1.6334633647873966,0.4185714285714293,12.258953168044068,16.41,13.364615384615384,1.9135595774394525,0.49120879120879146,56.8833652007648,27.78,23.943076923076923,2.992299518807636,0.7508241758241768,54.24764019988895,71.14,71.325,0.21361959960016413,-0.14800000000000524,-0.5174101524262403,32.80307692307692
NGA,Nigeria,43.29,49.646923076923066,4.306631291035151,-1.1000549450549455,-22.724027133166732,79.64,69.82692307692308,6.359074073866657,1.632857142857144,32.62281432139884,46.57,40.36769230769231,3.8585838374679944,0.9900000000000004,34.24618045546268,55.42,47.14230769230768,5.389369403195754,1.382472527472529,41.92061459667095,32.89,32.85,0.04618802153516908,0.03199999999999395,0.24382810118865678,29.45923076923077
NIU,Niue,3.77,4.76,0.7750591375286576,-0.19796703296703286,-37.58278145695364,97.01,97.52538461538462,0.487760449821687,-0.12252747252747122,-1.3624809354346612,97.43,98.12769230769231,0.5891541089583958,-0.14989010989010865,-1.6653209527654336,96.41,96.3546153846154,0.03281650616569615,0.0008241758241781899,0.06227296315516583,,,,,,-0.60230769230769
MKD,North Macedonia,0.66,1.066153846153846,0.25782870481317827,-0.05263736263736259,-44.53781512605042,97.84,97.55846153846151,0.20667390392621582,0.05296703296703466,0.6170300287947436,98.98,95.93923076923079,2.3348071352842754,0.5974175824175837,7.3419368832014,98.63,97.34,0.9428414500858535,0.2412637362637386,2.8145522777024796,,,,,,1.6192307692307253
NOR,Norway,0.4,0.4923076923076924,0.06989919481580197,-0.01785714285714285,-34.42622950819671,100.0,100.0,0.0,-1.1147911615022624e-15,0.0,98.05,98.0553846153846,0.005188745216630363,-0.0011538461538418852,-0.010197838058336852,99.16,99.12307692307694,0.031194180916910633,0.007912087912090334,0.09084485717170022,,,,,,1.9446153846154033
OMN,Oman,1.46,1.5638461538461539,0.0672728847727004,-0.017087912087912077,-12.048192771084336,92.44,90.48923076923077,1.5843529780242644,0.40302197802198325,5.236794171220394,99.32,98.69692307692304,1.0495505753685272,0.2173626373626413,3.221783413011842,96.58,95.67461538461538,0.8777111843180103,0.214945054945057,2.8321976149914785,,,,,,-8.20769230769227
PAK,Pakistan,11.14,14.366923076923076,2.4632308885397665,-0.6304395604395601,-39.15892954669579,90.63,89.73153846153845,0.5915212894710015,0.15186813186812873,2.0608108108108087,70.53,60.123076923076916,6.813801416506775,1.7495604395604403,42.42730210016155,81.91,76.65153846153845,3.602713898701567,0.9246703296703311,15.382448232145377,39.89,39.215,0.7794228634059956,0.5399999999999957,3.502854177477949,29.608461538461533
PLW,Palau,1.14,1.461538461538462,0.2686647897115832,-0.06824175824175821,-40.62500000000001,99.57,99.52461538461536,0.032561578743304315,0.008296703296705411,0.10053282396701951,99.02,97.44153846153844,1.0815178080969208,0.27736263736264005,3.490802675585273,99.0,98.31384615384617,0.49358448215643785,0.12637362637362756,1.5384615384615385,,,,,,2.0830769230769164
PSE,Palestine,2.09,2.7115384615384617,0.6076436202502,-0.12313186813186791,-37.23723723723724,98.44,96.64538461538463,1.2143284521675288,0.311483516483517,4.004226096143679,99.44,96.71461538461539,1.8369386461565853,0.4715934065934098,5.94502450458129,98.33,96.5330769230769,1.2488286819748655,0.3176373626373649,3.9099651273380567,,,,,,-0.06923076923075655
PAN,Panama,1.95,2.366153846153846,0.3280126639206292,-0.08368131868131856,-33.21917808219178,94.65,93.33153846153846,0.9470026940638062,0.24170329670329946,2.880434782608702,85.88,79.80615384615385,4.4166324623736015,1.132307692307694,17.708333333333336,92.61,89.95384615384614,1.93666611500941,0.49642857142857244,6.484994825802001,,,,,,13.52538461538461
PNG,Papua New Guinea,8.67,10.907692307692306,1.69545546410669,-0.434120879120879,-36.34361233480176,50.24,44.01538461538461,4.001725909705743,1.0275274725274743,32.629355860612456,19.3,18.95846153846154,0.22977692638173233,0.05884615384615381,3.5963499731615762,52.51,49.28769230769231,2.19156775637196,0.5625824175824186,14.45074106364428,22.41,22.75,0.39259818304894534,-0.2720000000000008,-2.9449978345604144,25.056923076923074
PRY,Paraguay,2.63,3.276923076923077,0.5214784210202218,-0.13291208791208792,-36.77884615384615,99.6,96.26153846153845,3.5459315798857083,0.8725274725274781,10.789766407119007,94.57,88.52692307692307,4.043598613066056,1.0380219780219775,15.09066569307532,96.84,93.41769230769229,2.747644912302639,0.6981868131868174,9.090909090909099,,,,,,7.734615384615381
PER,Peru,3.2,3.717692307692308,0.4297121875192325,-0.10862637362637345,-29.20353982300884,94.81,91.14230769230768,2.406339383954231,0.6178571428571442,8.49067399015906,78.46,74.90538461538462,2.333808101882038,0.5992307692307675,10.10384507437551,89.61,86.96461538461539,1.775052184137204,0.4556043956043995,6.513728753120176,,,,,,16.236923076923063
PHL,Philippines,5.38,6.257692307692308,0.6093323374283508,-0.15582417582417582,-24.43820224719101,94.88,92.38692307692305,1.6213388737675236,0.41631868131868355,5.5629728526924795,84.76,77.83153846153847,4.458013096574613,1.1446703296703322,19.329860622272285,90.73,87.18307692307692,2.306727063089551,0.5922527472527492,8.424952198852768,42.33,42.345,0.01732050807568943,-0.012000000000006276,-0.07082152974504517,14.555384615384583
POL,Poland,0.62,0.6869230769230769,0.06600310792993203,-0.016318681318681316,-24.39024390243902,90.37,94.08538461538458,2.7709914452671254,-0.709945054945054,-8.188560398252568,98.96,97.52692307692308,1.7117066756865018,0.40879120879121056,4.963937208315648,96.15,96.8869230769231,0.40992650998653646,-0.09313186813186568,-1.0700689371334418,,,,,,-3.4415384615384994
PRT,Portugal,0.56,0.6615384615384616,0.06282862323364961,-0.0157142857142857,-26.315789473684205,99.26,99.19846153846154,0.03337817496662469,0.008351648351648987,0.10084711577249751,99.66,99.34,0.32449961479175893,0.08054945054945196,0.9113001215066742,99.38,99.20692307692308,0.14556697286728024,0.03697802197802549,0.4244139046079241,,,,,,-0.14153846153845961
QAT,Qatar,0.77,1.0530769230769228,0.1992228490654212,-0.050824175824175824,-41.66666666666667,99.99,99.9523076923077,0.023506682083272005,0.005989010989009377,0.07005604483586186,99.94,99.94000000000003,2.958225308398898e-14,1.1147911615022624e-15,0.0,99.62,99.47692307692306,0.10053064337012112,0.02565934065934081,0.2818602778337036,,,,,,0.012307692307672369
KOR,Republic of Korea,0.42,0.5015384615384616,0.05885662718931967,-0.015054945054945057,-30.0,100.0,99.51923076923077,0.3180005644245924,0.08164835164835585,0.9795011612642621,99.82,99.89153846153846,0.048450344657556904,-0.012417582417577408,-0.15004501350405688,99.74,99.57,0.11669047376142665,0.029945054945058034,0.35214810343092295,,,,,,-0.372307692307686
MDA,Republic of Moldova,2.0,2.2023076923076923,0.14906116452393212,-0.03818681318681307,-18.032786885245898,92.02,89.39769230769231,1.691770048628329,0.43439560439560776,6.00161271742886,84.91,80.95615384615384,2.614732422452752,0.6713186813186833,10.315707418474727,91.39,89.1023076923077,1.5035189492551224,0.38604395604395625,5.288018433179728,,,,,,8.441538461538471
ROU,Romania,1.17,1.463846153846154,0.24639191212167327,-0.06258241758241755,-37.09677419354839,100.0,100.0,0.0,-1.1147911615022624e-15,0.0,88.28,83.96538461538461,3.173842611579365,0.8134615384615423,11.775132945049375,95.55,93.97846153846152,1.1704760153732774,0.2998901098901122,3.712145880820582,,,,,,16.034615384615392
RUS,Russian Federation,0.99,1.5015384615384613,0.4009332062793451,-0.10208791208791207,-51.94174757281553,97.05,96.54692307692306,0.3248688098136586,0.08340659340659827,1.0306058713304131,89.42,88.03000000000003,0.8845526176171388,0.22708791208791765,3.137254901960783,95.03,94.16615384615385,0.5872753252881557,0.15065934065934103,1.8542336548767462,,,,,,8.516923076923035
RWA,Rwanda,10.09,13.695384615384617,3.3443001644205905,-0.8237912087912087,-51.06692531522794,65.1,59.49461538461538,3.738448018863387,0.9597252747252768,20.9812302545995,73.83,67.02384615384616,5.10629927713724,1.3080219780219797,25.199253857893844,74.99,69.1846153846154,4.454994604158003,1.1365934065934071,22.1136622699886,37.51,37.824999999999996,0.3637306695894657,-0.25200000000000455,-1.651809124278979,-7.529230769230786
KNA,Saint Kitts and Nevis,2.34,2.666153846153846,0.21176002382958806,-0.05285714285714283,-19.31034482758621,98.61,98.60461538461537,0.011982893790306827,0.0020879120879128046,0.04058029826519859,94.95,94.6492307692308,0.6310105854693414,0.11461538461538757,2.1077535218840824,96.78,96.52384615384615,0.2815001024729972,0.06379120879121153,0.970266040688583,,,,,,3.955384615384574
LCA,Saint Lucia,2.44,2.426923076923077,0.014366984945013877,0.0031868131868133067,0.8264462809917362,96.89,95.67153846153847,1.2972396730098756,0.31912087912088277,3.769947520616896,83.36,83.24384615384614,0.25908616525326317,0.005439560439562453,-0.3943123431712251,92.29,91.85,0.4327817001676507,0.1067582417582475,1.161898498301,,,,,,12.42769230769234
VCT,Saint Vincent and the Grenadines,1.16,1.5369230769230773,0.3244324432858253,-0.08203296703296692,-45.023696682464454,97.73,97.59076923076924,0.23228795127533605,0.04802197802198335,0.7006697578567819,89.7,88.34538461538462,2.3311392614793007,0.47582417582417674,8.254887762490954,95.27,94.60307692307694,0.9875760275828961,0.21208791208791627,3.184230477634569,,,,,,9.245384615384623
WSM,Samoa,2.38,2.636923076923077,0.16453898298906838,-0.041648351648351685,-16.19718309859155,99.04,93.39384615384614,3.720287933439066,0.9508241758241798,11.821158405780755,97.93,95.77384615384615,1.3917467349913126,0.3573626373626418,4.581375480563868,97.89,95.17076923076924,1.7772847339807507,0.4551648351648375,5.530401034928843,24.91,24.529999999999998,0.4387862045841165,0.3039999999999976,3.146997929606632,-2.3800000000000097
SMR,San Marino,0.19,0.24307692307692308,0.0428922322774601,-0.01087912087912088,-40.625,100.0,100.0,0.0,-1.1147911615022624e-15,0.0,100.0,100.0,0.0,-1.1147911615022624e-15,0.0,99.91,99.88769230769232,0.02006400016357948,0.004999999999999339,0.06009013520280648,,,,,,0.0
STP,Sao Tome and Principe,3.33,5.006153846153846,1.767335746547792,-0.4266483516483515,-61.89931350114416,77.34,76.09307692307694,1.2773630690827147,0.31565934065934376,4.796747967479684,47.84,41.03615384615385,5.022817168451617,1.2872527472527486,44.31372549019609,73.52,70.06538461538462,2.881014333484578,0.7307142857142882,13.194765204003067,,,,,,35.056923076923084
SEN,Senegal,9.75,15.593846153846151,5.091955319360037,-1.285329670329669,-60.70133010882708,86.25,79.08000000000001,4.6817304493103835,1.20214285714286,20.07517750243631,60.18,53.86153846153846,4.125804661222355,1.059395604395605,26.774805140088482,77.64,70.44538461538461,5.26449525181762,1.346978021978023,25.936739659367404,45.0,44.71,0.33486315612998196,0.23199999999999033,1.305718144979735,25.218461538461554
SRB,Serbia,0.75,0.8546153846153846,0.09879400999178245,-0.02467032967032963,-27.18446601941748,95.68,93.74384615384616,1.4359871080058402,0.36796703296703653,4.5683060109289695,97.91,97.39846153846155,0.5100138258558309,0.12681318681319068,1.450626878043717,97.52,96.65307692307692,0.6908857191483084,0.17637362637362763,2.0831152517533704,,,,,,-3.654615384615383
SYC,Seychelles,1.96,2.0246153846153847,0.034062536756037556,-0.004065934065933995,-2.4875621890547177,96.42,95.88846153846154,0.4471361864474508,0.11379120879121049,1.3240857503152639,100.0,99.09307692307692,0.7521234895878107,0.18813186813187097,2.1972406745017943,97.9,97.39307692307693,0.40382307626369995,0.10230769230769286,1.1990903452553348,,,,,,-3.20461538461538
SLE,Sierra Leone,28.68,42.12538461538462,11.035873787625983,-2.7702197802197785,-52.45358090185677,65.34,58.50692307692308,4.440738273109148,1.140274725274726,26.50532429816071,22.92,17.638461538461538,3.273565452107346,0.8397802197802203,78.50467289719629,49.51,39.26461538461538,7.62516515163728,1.9390659340659349,83.50630096367678,38.59,38.735,0.16743157806499098,-0.1160000000000075,-0.7458847736625491,40.868461538461546
SGP,Singapore,0.36,0.4838461538461539,0.07708636515174193,-0.019285714285714285,-37.93103448275862,100.0,100.0,0.0,-1.1147911615022624e-15,0.0,100.0,100.0,0.0,-1.1147911615022624e-15,0.0,99.83,99.77692307692305,0.0347334169987663,0.008791208791210986,0.10027073097362309,,,,,,0.0
SVK,Slovakia,1.01,1.0938461538461537,0.07006407323995911,-0.01774725274725269,-17.213114754098356,99.79,99.58692307692307,0.37615122436294823,0.07373626373626997,1.1863719326708595,97.54,97.67692307692307,0.26477615122289655,-0.052472527472523504,-0.7832367002339499,98.64,98.58000000000001,0.06794605703546493,0.015384615384617554,0.23371608576364597,,,,,,1.9099999999999966
SVN,Slovenia,0.42,0.48384615384615387,0.05530799543442485,-0.013901098901098892,-28.8135593220339,99.5,99.5,0.0,2.229582323004525e-15,0.0,98.31,98.58076923076922,0.2015961945102786,-0.051648351648352006,-0.5965621840242703,99.08,99.13769230769229,0.04166410248520344,-0.010659340659337218,-0.12096774193548845,,,,,,0.9192307692307793
SLB,Solomon Islands,2.74,3.3900000000000006,0.516107224001628,-0.13170329670329683,-35.68075117370891,67.45,69.3076923076923,2.271020893218706,-0.5456593406593379,-8.231292517006798,35.02,31.988461538461536,2.881330266138213,0.7194505494505496,30.331224413844442,66.22,65.53307692307693,0.4638136230460226,0.11840659340659532,2.159827213822903,9.69,9.77,0.09237604307034021,-0.06400000000000072,-1.624365482233504,37.31923076923077
SOM,Somalia,43.77,54.00307692307692,8.173125049632059,-2.08521978021978,-35.35666814355338,58.26,50.09692307692307,5.99544602818865,1.5362637362637366,44.67345418425626,40.58,35.041538461538465,3.9832772230786846,1.0213186813186823,41.739434159972056,46.07,36.78153846153846,7.095144873026257,1.8151648351648357,83.9856230031949,,,,,,15.055384615384604
ZAF,South Africa,6.59,8.845384615384615,2.8038652350657394,-0.594010989010989,-60.06060606060606,94.49,92.14615384615384,1.5845059085907414,0.4065934065934106,5.445820778930917,77.63,72.99538461538461,3.068288381124495,0.787747252747253,13.860369609856244,87.66,84.2953846153846,2.7267306901141257,0.6724175824175861,11.939726727110195,,,,,,19.150769230769228
ESP,Spain,0.49,0.5646153846153847,0.064500049691891,-0.01609890109890108,-28.985507246376805,99.93,99.94769230769234,0.02919870035744523,-0.00604395604395184,-0.06999999999999318,99.92,99.90846153846154,0.015730095277395873,0.0035714285714328773,0.040048057669209304,99.72,99.69076923076925,0.02564551242795208,0.0064285714285736055,0.08028904054596377,,,,,,0.039230769230798046
LKA,Sri Lanka,0.98,1.2423076923076921,0.2165699981589419,-0.055054945054945,-38.36477987421384,89.31,87.50153846153846,1.1617504476281058,0.2982967032967039,4.175901084801118,95.09,89.94846153846153,3.3101506666460714,0.849945054945059,12.015549534691958,94.34,91.90846153846152,1.5873187358658536,0.40758241758241837,5.4431653068067565,44.72,44.555,0.1905255888325755,0.1319999999999931,0.7434106780806449,-2.4469230769230705
SDN,Sudan,16.59,20.983076923076922,3.3607697149496985,-0.860164835164835,-37.06373292867981,64.92,58.191538461538464,4.408693771314898,1.1320329670329676,26.303501945525298,36.89,34.380769230769225,3.1271937940653807,0.7327472527472538,30.630311614730886,59.61,54.50307692307693,4.002204360548039,1.0187912087912085,24.94236009222385,34.51,33.879999999999995,0.7274613391789272,0.5039999999999959,3.7894736842105203,23.81076923076924
SUR,Suriname,1.85,2.1892307692307695,0.2617079013729346,-0.06692307692307688,-29.389312977099237,97.99,96.09923076923077,1.5875057036037232,0.40406593406593466,4.757323070344225,89.97,87.04076923076923,2.4338462754060055,0.6198901098901145,8.202044497895361,95.13,93.36769230769232,1.4618547228672312,0.3724175824175845,4.515491100856954,,,,,,9.058461538461543
SWE,Sweden,0.45,0.5030769230769232,0.03449265994010305,-0.00868131868131865,-18.181818181818183,99.74,99.68153846153847,0.04561544947459262,0.011648351648353945,0.13050898504165792,98.86,98.94923076923075,0.064995068846482,-0.016648351648351052,-0.19182231196365243,99.32,99.3107692307692,0.009540735874429341,0.0022527472527479964,0.020140986908354502,,,,,,0.7323076923077139
CHE,Switzerland,0.45,0.5407692307692308,0.06849106249012087,-0.01752747252747252,-30.76923076923077,100.0,100.0,0.0,-1.1147911615022624e-15,0.0,99.9,99.89461538461539,0.007762500258065818,0.0017032967033010723,0.020024028834611768,99.76,99.71538461538464,0.03356967496004597,0.008571428571431103,0.10034115994381751,,,,,,0.10538461538460808
SYR,Syrian Arab Republic,3.91,8.913846153846151,6.71874186940474,-0.6453846153846149,41.666666666666686,94.08,93.49230769230768,0.4225548060341567,0.10730769230769555,1.2157073695535183,94.98,92.95384615384616,1.2856291485853573,0.3297252747252742,4.259055982436894,94.55,91.36769230769231,3.388008642861257,0.4438461538461573,1.2204260785783114,,,,,,0.5384615384615188
TJK,Tajikistan,3.89,4.8500000000000005,0.7362744053679987,-0.18818681318681293,-36.33387888707038,81.94,77.04307692307692,4.538443904789731,1.142307692307695,17.950194328487115,96.75,95.50384615384615,1.2056017754738275,0.3021428571428591,3.520222555103795,91.1,88.60923076923076,2.2511088435793223,0.568296703296705,7.4039141711860434,63.37,63.19,0.20784609690826497,0.14399999999998986,0.5713378828757331,-18.46076923076923
TZA,Tanzania,13.46,17.982307692307696,3.9662474999386044,-0.9848351648351639,-47.86986831913245,60.79,52.21307692307692,5.621569153144853,1.4434065934065936,39.875747814081905,30.62,25.35538461538462,4.232474877626988,1.0797252747252752,65.42409508373851,57.59,50.886923076923075,5.08076992954051,1.2956593406593413,36.890896125505115,46.63,46.185,0.5138417395787672,0.3559999999999887,1.9457804984696119,26.8576923076923
THA,Thailand,1.2,1.4992307692307694,0.2376082749141795,-0.06060439560439559,-37.17277486910995,100.0,99.04153846153847,0.873888304779717,0.22032967032967476,2.522042239081396,99.02,97.38307692307693,1.250835618132831,0.32010989010989505,3.8054303386099124,99.12,98.11461538461536,0.8158596221635932,0.20796703296703759,2.439024390243902,,,,,,1.6584615384615375
TLS,Timor-Leste,7.81,10.258461538461537,1.9311561569598932,-0.4932967032967028,-42.062314540059354,87.02,76.03615384615385,7.754877538751056,1.9876923076923096,36.52337621587699,58.38,51.845384615384624,4.310424602798459,1.1067032967032995,29.44567627494457,78.19,71.22461538461539,4.910771520145985,1.2592307692307734,23.3475311563338,42.97,42.905,0.07505553499464872,0.051999999999991116,0.3034547152194105,24.190769230769227
TGO,Togo,20.12,25.596923076923076,4.2882637990515935,-1.0957142857142845,-38.43329253365973,70.99,64.43230769230769,4.344211002100293,1.1153296703296725,23.203748698368617,19.2,16.600769230769227,1.9975545947418705,0.5107692307692312,42.32765011119347,54.11,48.52461538461539,4.090653198419977,1.0481318681318699,28.986889153754458,41.06,40.24,0.9468544414709866,0.6559999999999937,4.160324708269915,47.83153846153846
TON,Tonga,1.58,1.715384615384615,0.08950003581148118,-0.022802197802197766,-15.053763440860216,98.81,98.58923076923075,0.143611834381288,0.03686813186813164,0.44729084070346414,95.3,93.70076923076923,1.0574849213933777,0.2714835164835156,3.5531891774421345,97.3,96.63846153846154,0.44067838147274313,0.11313186813187195,1.4175526370648317,,,,,,4.888461538461527
TTO,Trinidad and Tobago,1.76,2.0961538461538463,0.27029423663662233,-0.06884615384615383,-31.25,98.88,97.95923076923079,1.1562256234436634,0.27137362637362844,3.2365838379619905,93.92,93.53538461538461,0.4552767543779538,0.108241758241762,1.4473968459710558,96.78,96.19538461538463,0.6545687560602451,0.157637362637366,1.9380661470402394,,,,,,4.423846153846171
TUN,Tunisia,2.32,2.4576923076923074,0.10425560305916788,-0.02598901098901088,-13.108614232209742,97.18,94.6146153846154,1.8625726624958618,0.4768131868131857,5.710866963994343,97.44,92.94153846153846,3.787578043538829,0.9638461538461577,12.245133049187876,97.14,94.7169230769231,1.9275346283762946,0.49203296703296695,5.955497382198946,26.36,26.2,0.18475208614068042,0.12799999999999573,1.2288786482334881,1.6730769230769482
TUR,Turkey,1.3,1.8000000000000005,0.4339930875025546,-0.10923076923076915,-50.38167938931297,97.03,96.35923076923078,0.5676334136638641,0.1442857142857199,1.6979352269154226,99.25,96.80461538461539,2.0971393825264886,0.5326373626373666,6.388680458784428,98.16,96.89000000000001,1.0876503727454574,0.27604395604395854,3.3045674594822145,,,,,,-0.4453846153846115
TKM,Turkmenistan,5.8,6.010769230769229,0.1280274409688237,-0.013021978021977874,-6.148867313915856,100.0,97.84307692307692,2.0940605873731895,0.5231318681318702,6.224771616741023,99.82,97.78461538461536,1.4983469523923962,0.38401098901099484,4.567358055730149,97.26,95.76769230769231,1.2109029265122366,0.3084065934065953,3.821520068317675,,,,,,0.05846153846155744
TUV,Tuvalu,3.19,4.103846153846154,0.758337418980259,-0.19263736263736264,-41.467889908256886,99.26,99.14230769230768,0.07473886161761928,0.0191758241758292,0.2322528526709118,83.55,83.33384615384615,0.20077094998772743,0.04978021978022131,0.7354714251265969,92.8,92.26615384615386,0.44093723025578285,0.11192307692307757,1.442938347179704,,,,,,15.808461538461529
UGA,Uganda,11.31,17.356923076923078,5.614281468741696,-1.3970329670329666,-59.77951635846374,59.26,49.59076923076923,6.184063471993236,1.587747252747254,47.30300770569227,21.01,19.784615384615385,0.8037476322890513,0.20637362637362675,13.383702104695091,54.87,48.44461538461538,4.878622782754396,1.2428571428571442,37.38107160741112,52.21,52.95,0.8544783984006443,-0.5920000000000059,-2.7565654684298697,29.806153846153848
UKR,Ukraine,1.19,1.360769230769231,0.15670894137761351,-0.03912087912087908,-28.313253012048197,93.59,93.7130769230769,0.471970772671794,-0.08027472527472404,-1.4011799410029482,97.75,97.27230769230769,0.5212989201049264,0.1270329670329672,1.51625298577214,96.56,96.36538461538461,0.1499230571890903,0.0340109890109898,0.2699896157840136,45.55,45.135000000000005,0.4792007234273884,0.33199999999999324,1.8559928443649336,-3.559230769230794
ARE,United Arab Emirates,0.93,1.0784615384615384,0.10892246124699238,-0.02791208791208786,-25.599999999999994,100.0,99.93384615384616,0.07065626435290594,0.017362637362636515,0.19036168720568852,99.09,99.10615384615383,0.010439078454269512,-0.0025824175824194955,-0.030266343825667005,99.27,99.18384615384615,0.06958669191955948,0.01774725274725828,0.2018774603815513,,,,,,0.827692307692331
GBR,United Kingdom,0.54,0.6123076923076923,0.062336966848712136,-0.015494505494505501,-27.027027027027025,100.0,100.0,0.0,-1.1147911615022624e-15,0.0,99.1,99.11153846153844,0.005547001962255129,-0.0011538461538441148,-0.020177562550454227,99.45,99.42153846153847,0.027032743678163183,0.006648351648352375,0.08050719533058096,,,,,,0.8884615384615557
USA,United States of America,0.89,0.9800000000000002,0.06928203230275512,-0.017692307692307663,-19.090909090909097,99.96,99.50076923076924,0.30933966063378326,0.07939560439560785,0.959499040500948,99.63,99.7446153846154,0.07806144851070597,-0.019999999999997357,-0.24031240612797547,99.45,99.29615384615386,0.10996502940620369,0.028186813186815613,0.3329297820823227,,,,,,-0.24384615384616382
URY,Uruguay,0.83,1.1546153846153844,0.22526337861177023,-0.05752747252747248,-43.5374149659864,99.51,99.13692307692307,0.3988605565730266,0.09752747252747564,1.13832706575872,98.32,96.87153846153844,1.0904039477325669,0.2792857142857177,3.33158171308459,98.89,98.1369230769231,0.5951664279200187,0.15203296703296612,1.7700936503035904,,,,,,2.265384615384633
UZB,Uzbekistan,1.52,2.1207692307692305,0.5818141389719679,-0.14302197802197805,-54.21686746987952,96.62,94.38923076923076,1.512643720656332,0.38824175824176066,4.998913279721809,96.31,95.57461538461538,0.47290970569823515,0.12142857142857179,1.5392725355825072,96.94,95.67538461538462,0.9231342930889969,0.23598901098901467,3.029014773089589,43.03,42.74,0.33486315612998196,0.2319999999999884,1.3663133097762032,-1.1853846153846206
VUT,Vanuatu,3.57,4.266923076923077,0.47000681937224087,-0.11873626373626371,-25.469728601252612,91.34,88.79923076923077,1.6463670183086012,0.42274725274725494,5.88917226988175,46.71,49.896153846153844,2.0360154651571225,-0.5227472527472512,-11.83465458663646,77.7,77.59461538461541,0.09042634061446475,0.02153846153846547,0.20634511220015034,25.88,25.549999999999997,0.3810511776651531,0.2639999999999966,2.6169706582077725,38.90307692307693
VEN,Venezuela,3.23,2.9099999999999997,0.3670376910709126,0.08549450549450562,32.92181069958847,93.33,94.39461538461538,0.6900919671151965,-0.17719780219780137,-2.2313010685103665,98.4,95.03384615384616,2.0177071907718207,0.5151648351648385,7.131192161132294,95.75,95.13307692307693,0.29758429101081485,0.07318681318681859,1.1621764395139929,,,,,,-0.6392307692307782
VNM,Viet Nam,4.24,4.453846153846154,0.16106615936411864,-0.04120879120879098,-10.16949152542372,97.96,93.48230769230769,3.011663864173626,0.7729120879120908,10.265646105357936,92.17,80.9123076923077,7.393823045675981,1.8984615384615424,32.80979827089337,94.75,89.40846153846154,3.540204434195494,0.9089560439560443,12.918603265403414,,,,,,12.569999999999979
YEM,Yemen,16.11,14.946153846153846,0.9068676719119357,0.1993406593406597,15.318539727988536,61.76,56.625384615384625,3.8016281936923972,0.9740109890109894,22.22442113595883,54.84,52.24076923076924,1.723351683679517,0.44142857142857356,10.231155778894479,64.76,62.71999999999999,1.4976926698536437,0.37978021978021953,7.378544188360143,,,,,,4.384615384615387
ZMB,Zambia,18.23,22.60846153846154,3.513224649221486,-0.8658791208791209,-36.98582786035257,68.25,63.663076923076915,3.637722237461661,0.9285714285714294,18.161357340720226,36.3,32.980000000000004,2.7692056622793473,0.7047802197802207,27.72695285010554,59.76,55.10846153846153,3.724707698047919,0.944120879120881,22.710472279260767,67.0,67.75,0.8660254037844386,-0.60000000000001,-2.18978102189781,30.68307692307691
ZWE,Zimbabwe,14.32,20.46076923076923,6.502072056324893,-1.519340659340659,-59.17901938426453,62.29,64.59461538461538,1.806417335430434,-0.4617582417582396,-7.773171453953223,34.62,37.60076923076923,2.2395105921400975,-0.5736263736263741,-15.889212827988338,59.03,57.950769230769225,1.8232866913829977,0.3563736263736284,10.605208918868286,60.65,61.370000000000005,0.8313843876330639,-0.5760000000000145,-2.319214044129497,26.99384615384615
