ISO3V10,Country_Territory_Island,CMR_latest,CMR_mean,CMR_std,CMR_trend,CMR_pct_change,WAT_latest,WAT_mean,WAT_std,WAT_trend,WAT_pct_change,SAN_latest,SAN_mean,SAN_std,SAN_trend,SAN_pct_change,CHI_v2023_latest,CHI_v2023_mean,CHI_v2023_std,CHI_v2023_trend,CHI_v2023_pct_change,NRPI_v2023_latest,NRPI_v2023_mean,NRPI_v2023_std,NRPI_v2023_trend,NRPI_v2023_pct_change,infra_gap,Homicide_per100k,WGI_GovEffect,WGI_RegQuality,WGI_Corruption,WGI_RuleLaw,WGI_PolStability,WGI_VoiceAccount,Cluster_DBSCAN
AFG,Afghanistan,12.82,17.766153846153845,4.191422865928185,-1.0612087912087909,-49.12698412698413,82.18,65.3623076923077,10.923754813742812,2.8046153846153876,68.29817734998977,55.95,45.744615384615386,6.6845027431423,1.7163736263736271,57.69447576099213,73.46,62.16769230769232,7.783656118052914,1.997252747252748,47.51004016064256,40.79,40.474999999999994,0.3637306695894657,0.251999999999995,1.5687250996016002,19.61769230769231,,,,,,,,0
ALB,Albania,1.05,1.1284615384615386,0.1296692043783047,-0.0273626373626373,-27.083333333333325,95.09,93.59615384615384,1.2982586957250242,0.3291758241758228,4.05996935872183,99.3,97.7953846153846,1.475333947420128,0.368186813186813,4.339602816013445,97.65,96.61,0.9781104232140674,0.2452747252747278,2.952029520295215,,,,,,-4.19923076923078,,,,,,,,1
DZA,Algeria,3.24,3.5938461538461537,0.2529340645813469,-0.0647252747252746,-19.40298507462685,94.66,93.58384615384615,0.8033734961765745,0.205769230769232,2.556879739978331,85.83,86.53461538461539,0.4920300699587274,-0.1230769230769226,-1.322143021384233,92.0,91.71307692307693,0.2287423811257483,0.0574725274725306,0.8329679964927721,26.97,26.545,0.4907477288111807,0.3399999999999936,3.2542113323123965,7.0492307692307605,,,,,,,,-1
AND,Andorra,0.11,0.1892307692307692,0.0765355623726141,-0.0188461538461538,-67.64705882352942,100.0,100.0,0.0,-1.1147911615022624e-15,0.0,100.0,100.0,0.0,-1.1147911615022624e-15,0.0,99.95,99.9123076923077,0.0356262651597213,0.0087362637362662,0.1101762820512815,,,,,,0.0,,,,,,,,1
AGO,Angola,23.36,32.31384615384615,8.019616094782362,-2.0032967032967015,-51.221549384005016,57.72,54.682307692307695,2.5228626394308313,0.6385714285714303,14.569273521238578,52.18,47.85384615384615,3.9235284682318334,0.983956043956045,27.08231855820749,59.18,52.59307692307693,5.841206189100821,1.465879120879124,41.918465227817734,28.52,28.4,0.1385640646055092,0.0959999999999951,0.8486562942008431,6.828461538461546,,,,,,,,0
AIA,Anguilla,0.13,0.1946153846153846,0.0581112990469416,-0.0144505494505494,-58.06451612903225,97.48,97.43384615384616,0.0967417922046846,0.0175824175824197,0.3087054949578073,96.7,96.48846153846156,0.442828901380022,0.0805494505494542,1.437113185775731,98.0,97.8853846153846,0.2031262080831914,0.0393406593406595,0.6573541495480696,,,,,,0.9453846153845972,,,,,,,,1
ATG,Antigua and Barbuda,0.99,1.2730769230769228,0.2508779456025252,-0.0629670329670329,-43.10344827586207,98.36,98.3676923076923,0.0043852900965373,-0.0008241758241759,-0.0101657009250839,97.4,97.38615384615386,0.0155662356498858,0.0036813186813211,0.0513610683102325,98.13,97.99615384615385,0.1208675901926329,0.0302747252747317,0.3682111077017485,,,,,,0.9815384615384346,,,,,,,,2
ARG,Argentina,0.77,1.1746153846153846,0.2749125735155143,-0.0702197802197802,-50.641025641025635,99.04,98.9153846153846,0.1936326153921128,0.0413186813186851,0.6197297571878486,94.82,94.16230769230766,0.8966340190415252,0.2047802197802186,2.7190986891994267,97.6,97.15153846153844,0.4734421146216672,0.1144505494505523,1.4658488408358423,,,,,,4.7530769230769465,,,,,,,,1
ARM,Armenia,1.19,1.523846153846154,0.2744551712495886,-0.0697252747252746,-40.79601990049751,99.97,99.37923076923076,0.6207047276880994,0.1500549450549494,1.8646831057672697,93.98,92.88615384615385,1.090669048959844,0.27,3.399713939927389,97.43,96.71769230769232,0.6956789710557829,0.1724175824175863,2.1171784928204698,,,,,,6.493076923076927,,,,,,,,1
AUS,Australia,0.56,0.6223076923076925,0.0698991948158019,-0.0166483516483516,-27.272727272727263,99.97,99.94615384615383,0.0361797506759558,0.0078021978021976,0.0901081297557102,100.0,100.0,0.0,-1.1147911615022624e-15,0.0,99.73,99.6946153846154,0.0450213624507647,0.010329670329669,0.1305220883534233,,,,,,-0.0538461538461518,,,,,,,,2
AUT,Austria,0.67,0.6746153846153846,0.0357340604594982,-0.0064285714285714,-10.666666666666664,100.0,100.0,0.0,-1.1147911615022624e-15,0.0,99.97,99.97538461538464,0.006602252917736,-0.0014835164835167,-0.020002000200016,99.68,99.68000000000004,0.0129099444873564,0.0022527472527502,0.0301053687907688,,,,,,0.0246153846153731,,,,,,,,3
AZE,Azerbaijan,2.01,3.055384615384615,0.9922165034626212,-0.2464835164835163,-59.55734406438632,97.64,92.67769230769233,3.791064392854497,0.9624175824175836,13.521683525171484,96.13,93.67230769230773,3.919256208870406,0.8348901098901118,13.400967323345522,96.99,94.03846153846156,2.9610635649876613,0.7126373626373651,10.266030013642569,,,,,,-0.9946153846153862,,,,,,,,0
BHS,Bahamas,1.77,2.406153846153846,1.7362437351052729,0.0727472527472528,-18.05555555555556,98.89,98.83923076923078,0.0770780490219206,0.0168131868131907,0.2229654403567435,94.93,94.49153846153852,0.7036434484624328,0.1493406593406639,2.2511848341232263,97.12,96.66538461538462,0.8111166725017157,0.0218131868131833,0.987834043880631,,,,,,4.34769230769227,,,,,,,,4
BHR,Bahrain,1.01,1.0861538461538462,0.067889427446211,-0.0167582417582416,-17.886178861788615,99.92,99.92846153846156,0.0080064076902533,-0.0019230769230764,-0.0200120072043186,100.0,99.99692307692308,0.0063042517195611,0.0011538461538474,0.020004000800156,99.51,99.4746153846154,0.0301704559172782,0.0073626373626434,0.1005935016598013,,,,,,-0.0684615384615341,,,,,,,,4
BGD,Bangladesh,4.47,6.975384615384616,2.092146487002505,-0.5310439560439558,-58.10684161199625,98.1,97.4007692307692,0.5167762497519529,0.1322527472527475,1.6053858104608982,59.3,50.162307692307685,6.086036140004089,1.562527472527473,45.91535433070865,83.73,79.30153846153847,3.1610041815691163,0.8101098901098928,12.93498786080389,32.39,32.615,0.2598076211353332,-0.1800000000000068,-1.370280146163224,47.23846153846153,,,,,,,,0
BRB,Barbados,0.87,1.0192307692307692,0.1155754831601075,-0.0295604395604395,-27.499999999999996,98.51,98.47538461538464,0.0328165061656955,0.0082417582417607,0.091444828286937,98.09,96.49384615384614,1.5144225437524528,0.3791758241758251,4.5178476291955345,98.47,97.85538461538462,0.568618433641507,0.1429120879120914,1.6516981521626863,,,,,,1.9815384615384912,,,,,,,,1
BLR,Belarus,0.68,0.956153846153846,0.2185001320189708,-0.0557142857142857,-49.25373134328358,99.18,98.48846153846156,0.3223571041005663,0.0629670329670344,0.8952187182095724,99.56,97.73,1.6092700208479616,0.4075274725274725,4.700809759175517,99.27,98.29923076923076,0.7127816582290049,0.1826923076923085,2.1506482815394,,,,,,0.7584615384615461,,,,,,,,1
BEL,Belgium,0.72,0.7361538461538462,0.0246774058396412,-0.005054945054945,-8.860759493670892,100.0,100.0,0.0,-1.1147911615022624e-15,0.0,99.49,99.49,0.0,5.573955807511312e-15,0.0,99.5,99.49,0.0129099444873591,0.0024725274725301,0.0402171727327631,,,,,,0.5100000000000051,,,,,,,,3
BLZ,Belize,1.59,2.093076923076923,0.41397231419876,-0.1054395604395603,-42.599277978339344,98.41,96.9969230769231,1.604417779213511,0.3877472527472551,4.758356397700659,88.25,87.30461538461539,0.9563525795491216,0.2367582417582448,3.0596753474249736,94.82,93.79999999999998,1.0399118552390234,0.2567582417582455,3.1661407899031624,,,,,,9.692307692307708,,,,,,,,1
BEN,Benin,30.01,35.83846153846154,4.245838837720697,-1.0883516483516475,-29.305064782096583,67.36,65.97076923076924,0.9145988331727885,0.234780219780223,4.4017358958462545,19.49,16.723846153846154,2.1576010538772703,0.5513186813186813,45.88323353293413,48.43,44.349999999999994,2.9842084377603393,0.7649450549450579,22.020660115898217,41.97,41.36,0.7043673284113428,0.4879999999999931,2.993865030674844,49.24692307692308,,,,,,,,0
BTN,Bhutan,4.33,5.877692307692308,1.3798861900301405,-0.3456593406593405,-49.29742388758782,99.13,97.16307692307691,2.1747466695969613,0.5232417582417584,6.683168316831677,77.94,71.10846153846154,5.226584044022517,1.337527472527474,24.4451540795146,90.36,86.70999999999998,3.0807737123434875,0.7801648351648358,11.225997045790258,61.61,62.175,0.6524058041842786,-0.4520000000000123,-1.8010838380618466,26.054615384615374,,,,,,,,0
BOL,Bolivia,4.6,6.208461538461538,1.4599934141052724,-0.3646703296703295,-49.00221729490023,94.11,90.88076923076922,2.160973783345761,0.5546703296703321,7.6280878316559955,68.61,58.48153846153846,6.815282882553796,1.7495054945054969,42.66999376169681,85.45,80.25307692307692,3.650950526039724,0.936318681318684,14.94484799569545,61.84,62.49,0.7505553499465119,-0.520000000000008,-2.05891669306303,32.399230769230755,,,,,,,,0
BIH,Bosnia and Herzegovina,0.76,0.8346153846153845,0.0531688167718924,-0.0133516483516483,-19.14893617021276,96.09,96.24846153846153,0.1994929469866947,-0.0443956043956057,-0.5999793110582377,95.39,95.32538461538464,0.0651428410770505,0.0161538461538465,0.1785339214450763,96.81,96.80615384615383,0.0301492016307947,-0.0032967032967038,-0.051620896138754,,,,,,0.9230769230768914,,,,,,,,4
BWA,Botswana,6.75,9.663076923076922,2.738948656618036,-0.660824175824176,-55.05992010652463,92.57,88.94461538461539,3.3076870453148364,0.8320329670329721,11.422725084256133,80.55,75.20461538461538,4.743976207403473,1.19549450549451,20.511669658886884,87.92,83.5876923076923,3.9239800242571583,0.981263736263738,15.1237396883593,,,,,,13.740000000000007,,,,,,,,0
BRA,Brazil,1.56,1.722307692307692,0.1456110026837398,-0.0361538461538461,-22.77227722772277,99.59,98.12,1.0578358410768032,0.2707692307692335,3.180687940323257,90.88,86.75538461538463,3.0855216074018323,0.7903846153846155,11.032376298106294,96.11,94.16230769230768,1.4464736075835944,0.3706043956043962,4.62660570433268,,,,,,11.364615384615362,,,,,,,,5
VGB,British Virgin Islands,0.55,0.6869230769230771,0.1157140596027275,-0.0293406593406593,-37.49999999999999,99.86,99.77230769230768,0.2276749820158065,0.0354945054945054,0.76690211907165,96.86,96.85846153846153,0.0037553380809959,0.0006043956043994,0.0103252452245793,98.66,98.56230769230773,0.1215287240500407,0.0263736263736273,0.4275244299674284,,,,,,2.9138461538461513,,,,,,,,2
BRN,Brunei Darussalam,1.86,1.8338461538461537,0.0377576618137435,0.0089560439560439,4.494382022471914,99.9,99.9,1.479112654199449e-14,-2.229582323004525e-15,0.0,99.48,92.18,4.737951385708104,1.216593406593406,17.200754005655053,98.94,96.51461538461535,1.5646384853197204,0.401758241758242,5.132291998724894,,,,,,7.719999999999999,,,,,,,,5
BGR,Bulgaria,1.06,1.328461538461538,0.2531747141746898,-0.0632417582417582,-40.44943820224719,99.06,99.2376923076923,0.1204265921736729,-0.0308791208791189,-0.3721210902142256,86.06,85.99230769230768,0.0422598797430546,0.0108241758241802,0.1512859304084667,94.55,94.46384615384612,0.0900498437476406,0.0222527472527487,0.2651113467656416,,,,,,13.245384615384625,,,,,,,,1
BFA,Burkina Faso,32.52,42.88384615384616,8.407193882286704,-2.1395054945054937,-43.50243224461431,49.51,50.68230769230768,1.609840332901339,-0.3949999999999979,-7.319356046424567,24.76,21.16769230769231,2.257226003476221,0.5792307692307703,40.76179647527005,43.07,37.48384615384616,4.1056476112414115,1.0491758241758258,41.53795596450871,55.1,55.83,0.842931393016854,-0.5840000000000073,-2.581329561527583,29.51461538461537,,,,,,,,0
BDI,Burundi,15.56,22.361538461538466,6.012751514010102,-1.5106593406593405,-53.69047619047619,62.44,59.98692307692309,2.099243453466766,0.5319780219780242,10.474168435951864,45.69,45.83153846153847,0.0886797753949717,-0.0223076923076922,-0.5225342913128718,62.19,58.28076923076924,3.4449031470141054,0.867527472527472,19.66519145660958,33.77,34.035000000000004,0.3059956426704982,-0.2120000000000026,-1.5451895043731605,14.15538461538462,,,,,,,,0
CPV,Cabo Verde,1.91,2.8446153846153845,0.8397878242410936,-0.2113736263736264,-55.373831775700936,89.87,86.42461538461538,2.4817084685911284,0.6324725274725305,8.198892366963644,83.05,72.28923076923076,8.008660376470026,2.0519780219780226,39.15884718498659,90.09,84.92461538461536,3.875587300407118,0.9925824175824248,14.12465163415253,40.89,42.385000000000005,1.7262773048769822,-1.1960000000000008,-6.814038286235191,14.135384615384623,,,,,,,,0
KHM,Cambodia,3.58,4.654615384615384,1.0211155287610325,-0.2505494505494505,-47.4302496328928,78.01,72.23384615384614,3.933371197123273,1.008901098901101,18.430241384545315,76.72,57.26692307692308,12.590883861360028,3.232967032967034,101.73547199579278,83.25,74.35000000000001,5.95886314660775,1.5294505494505533,28.43258253625426,42.92,42.305,0.7101408311032419,0.4919999999999934,2.9503478052290815,14.966923076923068,,,,,,,,0
CMR,Cameroon,23.96,32.22923076923077,7.079163629434461,-1.79098901098901,-46.32616487455197,69.59,66.43230769230769,2.0365581825151073,0.5225274725274724,10.180493983533893,43.12,41.660769230769226,0.9556887702809026,0.2453846153846161,7.263681592039788,59.84,54.48461538461538,4.255509400343308,1.0826923076923094,26.833403984739306,32.5,31.91,0.6812733176437582,0.4719999999999952,3.767560664112387,24.771538461538466,,,,,,,,0
CAN,Canada,0.62,0.6846153846153844,0.050598976375579,-0.0129120879120878,-19.480519480519483,99.22,99.22769230769232,0.0072501105208195,-0.0017032967032977,-0.0201531640467513,98.59,99.01615384615384,0.3169526374065601,-0.0812087912087871,-0.9245301979700548,98.98,99.09846153846154,0.0862019096700822,-0.022087912087909,-0.2519399375188955,,,,,,0.2115384615384812,,,,,,,,4
CAF,Central African Republic,26.49,33.626923076923084,5.351310407453775,-1.3686813186813187,-37.80230100962668,36.3,41.41,3.893432504444718,-0.996813186813186,-23.755513547574044,13.85,15.646923076923075,1.4055093063570976,-0.3595054945054941,-22.62569832402234,37.82,36.82846153846154,0.7105730803823787,0.1793956043956046,6.5052098000563285,60.83,61.435,0.6985938257194476,-0.4840000000000158,-1.9503546099290792,25.763076923076923,,,,,,,,0
TCD,Chad,43.92,55.69615384615384,8.912696504109123,-2.2822527472527443,-37.21229449606862,52.0,48.45846153846154,2.534915666427078,0.6500549450549463,16.644235082996865,12.92,11.697692307692307,0.7840403247086408,0.2005494505494509,21.771913289349676,34.7,27.670769230769228,5.219735723735545,1.3374725274725288,78.58980957282554,43.63,44.215,0.675499814951859,-0.4680000000000036,-2.611607142857131,36.760769230769235,,,,,,,,0
CHL,Chile,0.94,1.1207692307692307,0.1191260913529258,-0.0303846153846153,-27.13178294573644,100.0,99.47923076923075,0.6131402984970298,0.147087912087917,1.6983626563612342,100.0,99.16692307692308,1.0441534419118743,0.2456593406593474,2.9866117404737444,99.56,99.03,0.5997638424135523,0.144395604395607,1.7163874131589774,,,,,,0.3123076923076837,,,,,,,,1
CHN,China,1.89,2.4584615384615387,0.4672052752599966,-0.1186263736263736,-42.55319148936171,97.65,93.25692307692309,2.7918225367890215,0.7158791208791232,10.077781535339886,95.89,86.19,6.522049780041037,1.6739010989010994,26.50395778364117,96.97,92.01384615384616,3.3181835855920188,0.8513186813186818,11.909982688978642,,,,,,7.066923076923089,,,,,,,,0
COL,Colombia,1.81,2.166153846153846,0.2879391851745336,-0.0732967032967032,-32.20973782771535,97.54,96.24,0.8778382538941925,0.2250000000000059,2.8685931238135556,94.73,89.54230769230767,3.380488509683561,0.8680219780219776,12.359150753172816,96.59,94.26076923076924,1.552001189531662,0.3984065934065979,5.206404531096831,,,,,,6.697692307692321,,,,,,,,5
COM,Comoros,10.85,14.325384615384612,2.828228583950902,-0.7203296703296705,-43.31243469174504,80.21,80.80692307692308,1.0974393272172625,-0.2189010989010982,-3.83647044718859,35.91,35.403846153846146,0.6383773500255477,0.1464285714285704,4.602388581415666,67.03,65.45461538461538,1.2132368234370363,0.3085714285714299,5.161593975525571,51.3,52.379999999999995,1.2470765814495937,-0.8640000000000132,-4.040404040404047,45.40307692307694,,,,,,,,0
COG,Congo,11.35,15.435384615384615,2.8831742211915654,-0.6723626373626368,-43.306693306693305,73.97,71.17769230769231,2.8853831456906875,0.7085164835164864,12.262862346334796,20.55,18.987692307692303,1.6202116829093351,0.3979670329670334,27.798507462686583,59.6,56.26153846153846,2.7467400257816132,0.6791208791208798,15.908206923376117,,,,,,52.190000000000005,,,,,,,,0
COK,Cook Islands,1.04,1.2492307692307691,0.1674047758409507,-0.0426373626373626,-32.467532467532465,99.97,99.9546153846154,0.017614096918558,0.0042307692307736,0.0500400320256176,85.44,84.88153846153848,0.5942901389311178,0.1462087912087919,1.920553501133245,94.65,94.36769230769232,0.279170015287993,0.0694505494505527,0.8309364014062012,,,,,,15.073076923076911,,,,,,,,1
CRI,Costa Rica,1.41,1.2892307692307692,0.143379539362115,-0.0114285714285713,2.173913043478263,99.81,99.24307692307691,0.6322233863567615,0.1536263736263767,1.7950025497195363,98.38,97.22692307692306,0.7949149285236384,0.203791208791212,2.5646371976647138,98.75,98.22846153846152,0.5004305838283367,0.1243956043956041,1.427691043549713,,,,,,2.0161538461538555,,,,,,,,3
CIV,Cote d'Ivoire,20.05,26.056923076923077,4.802069665979772,-1.2246153846153842,-41.219583699794775,72.85,72.28461538461539,0.3519378587339755,0.0903296703296718,1.5472539726791184,36.96,32.31384615384616,3.104149208348772,0.7969230769230782,34.10740203193035,60.68,56.169230769230765,3.3625423455535888,0.8607142857142878,19.708029197080297,,,,,,39.970769230769235,,,,,,,,0
CUB,Cuba,1.01,1.133076923076923,0.094814258367313,-0.0241758241758241,-22.30769230769231,94.65,93.82153846153844,0.4986957347896987,0.1274725274725359,1.686721100128929,92.15,89.17999999999999,1.920269078367232,0.4930769230769261,6.865360083497624,95.13,93.81153846153848,0.847730756724936,0.2176373626373658,2.832126256620895,,,,,,4.64153846153846,,,,,,,,1
CYP,Cyprus,0.5,0.4876923076923077,0.0204751256218556,-0.0007142857142857,-5.660377358490571,99.77,99.78846153846152,0.0215430398064569,-0.0051648351648311,-0.0601021736952842,99.4,99.45846153846152,0.0632252789431214,-0.0154945054945013,-0.170734156874548,99.49,99.52230769230768,0.0277350098112634,-0.0068681318681255,-0.07030936118924,,,,,,0.3299999999999983,,,,,,,,3
CZE,Czechia,0.55,0.6076923076923076,0.0313990037405239,-0.0068681318681318,-15.38461538461538,99.88,99.87538461538462,0.0077625002580594,0.0015934065934083,0.0200280392549529,99.14,99.13769230769232,0.0043852900965373,0.0008241758241781,0.0100877635428277,99.42,99.39076923076924,0.0180099687495286,0.0041208791208809,0.0603864734299539,,,,,,0.7376923076922992,,,,,,,,4
PRK,Democratic People's Republic of Korea,5.33,5.361538461538462,0.698985528627574,-0.1331868131868131,-19.728915662650596,93.89,95.04769230769232,1.1484275760516642,-0.2870879120879108,-3.216163282135867,84.77,82.10076923076923,2.437493458242371,0.6141208791208829,8.637703447392022,90.42,89.90769230769232,0.7219089721720899,0.1703846153846171,2.0311442112389946,,,,,,12.946923076923085,,,,,,,,1
COD,Democratic Republic of the Congo,17.69,24.23,5.296122795655956,-1.348076923076923,-47.14669853600238,35.12,36.1023076923077,0.5809210193900974,-0.1485164835164829,-4.823848238482388,16.17,17.50076923076923,1.1836417077425463,-0.2998351648351656,-17.076923076923066,42.26,40.0123076923077,1.8627585003883969,0.4728021978021989,15.212649945474368,,,,,,18.601538461538468,,,,,,,,0
DNK,Denmark,0.48,0.5576923076923077,0.0546433658909975,-0.0138461538461538,-23.809523809523817,100.0,100.0,0.0,-1.1147911615022624e-15,0.0,99.6,99.6,1.479112654199449e-14,5.573955807511312e-15,0.0,99.65,99.60846153846155,0.0273392739010388,0.0069230769230814,0.0803454855880411,,,,,,0.4000000000000057,,,,,,,,2
DJI,Djibouti,8.69,11.437692307692307,2.148379830811092,-0.5489560439560438,-42.02801867911942,76.17,75.85923076923076,0.182412606401966,0.0464835164835163,0.7273208145993085,66.91,62.168461538461536,4.317622505796923,1.088241758241758,21.80957582377571,77.01,74.06153846153846,2.485152061591154,0.6314285714285741,10.124410124410122,34.94,33.269999999999996,1.928349899093348,1.3359999999999934,10.569620253164546,13.690769230769227,,,,,,,,0
DMA,Dominica,4.0,3.753846153846154,0.2481443955152746,0.0615384615384616,20.845921450151057,95.42,95.36384615384615,0.1182890852627909,0.0214285714285749,0.3892688058916407,80.37,79.78999999999999,1.2154354500891198,0.2209340659340686,4.921671018276776,90.08,89.98230769230769,0.3590996576196706,0.0524175824175843,1.1907436531116629,,,,,,15.573846153846162,,,,,,,,3
DOM,Dominican Republic,5.87,6.285384615384616,0.2151207174516742,-0.0472527472527473,-9.133126934984515,96.75,95.53769230769232,0.8329481160928112,0.2134065934065978,2.7288171586323986,88.68,85.65307692307694,1.9951290042475331,0.5122527472527497,7.451835696110512,92.44,90.82923076923076,1.0290243076045509,0.2639560439560437,3.574229691876748,,,,,,9.884615384615373,,,,,,,,1
ECU,Ecuador,1.76,2.151538461538462,0.3300213668296381,-0.0832967032967032,-36.46209386281589,95.7,93.2523076923077,2.1294723675367493,0.5373076923076978,6.891544733608848,92.27,86.75846153846153,3.981423209008402,1.0201648351648376,14.792236874844493,95.18,92.34384615384616,2.1865061112100683,0.5580219780219784,7.317623181869442,,,,,,6.493846153846164,,,,,,,,5
EGY,Egypt,2.77,3.5676923076923086,0.6860776662321578,-0.173131868131868,-42.65010351966873,98.77,98.69153846153846,0.0831510827596529,0.020384615384618,0.233407753196661,97.53,96.18076923076924,1.1249478620396984,0.2864285714285745,3.348521775988128,97.49,96.64307692307692,0.7174188062699103,0.1821978021978018,2.1800649827062135,,,,,,2.5107692307692133,,,,,,,,1
SLV,El Salvador,1.75,2.159230769230769,0.3532577325990552,-0.0889010989010987,-38.16254416961131,98.59,95.21,3.047564601448178,0.7581868131868139,10.058048671578485,87.55,85.80153846153847,1.260951004558638,0.3231318681318709,4.537313432835818,94.57,92.67384615384616,1.594472422995238,0.4017582417582442,5.311804008908682,28.97,28.395,0.6639528095680688,0.4599999999999956,4.133716750539175,9.408461538461538,,,,,,,,-1
GNQ,Equatorial Guinea,20.77,26.793076923076917,4.776966234992289,-1.2189560439560445,-40.48710601719198,64.67,63.780769230769224,1.3543969232248825,0.2902747252747253,6.998676373262747,66.31,65.87153846153844,0.785693389665527,0.1547802197802219,3.885320382265399,67.4,64.17846153846155,2.8387991773337515,0.7106593406593418,14.938608458390185,,,,,,-2.0907692307692116,,,,,,,,0
ERI,Eritrea,9.41,12.463846153846152,2.490788156593338,-0.6340109890109884,-43.787335722819584,51.85,51.282307692307704,0.738502469485309,0.1710989010989031,3.741496598639465,11.94,11.762307692307692,0.2519971509810461,0.0565384615384618,6.60714285714286,50.25,48.592307692307685,1.4639567038574717,0.3685714285714292,9.239130434782608,30.07,29.26,0.9353074360871942,0.6479999999999942,5.694200351493853,39.52000000000001,,,,,,,,0
EST,Estonia,0.45,0.6623076923076922,0.1811607870628486,-0.0458791208791208,-54.545454545454554,100.0,99.73384615384614,0.3423336204527791,0.0787362637362648,0.989699050696833,99.06,99.10384615384616,0.0678894274462099,-0.01274725274725,-0.2115442731943122,99.48,99.30692307692308,0.1748039194538008,0.0429670329670337,0.5153076689906084,,,,,,0.6299999999999955,,,,,,,,1
SWZ,Eswatini,11.62,16.35076923076923,5.488979051302803,-1.1336263736263736,-63.413098236775824,73.47,67.61153846153846,3.6830893874432977,0.945164835164838,18.34729381443299,64.42,61.39999999999999,2.915555978997258,0.7312087912087932,14.017699115044252,73.93,68.78692307692307,4.492114173035871,1.0819780219780246,27.02749140893471,28.55,28.555,0.0057735026918951,-0.0040000000000011,-0.0350140056022339,6.211538461538467,,,,,,,,0
ETH,Ethiopia,12.98,19.457692307692305,5.5500963262604035,-1.4045054945054942,-55.714773114977824,51.51,42.87230769230769,5.665314280552836,1.4545604395604406,51.54457193292144,9.34,7.716153846153846,1.163532970894669,0.2984065934065936,58.843537414965986,47.62,41.21384615384615,4.825274670008499,1.2329670329670332,43.91054699304924,50.47,50.74,0.3117691453623974,-0.215999999999999,-1.0586159576553602,35.15615384615385,,,,,,,,0
FJI,Fiji,4.58,4.048461538461538,0.3702667091400952,0.0920329670329671,24.456521739130434,95.49,95.28,0.1333541650393162,0.034230769230773,0.4312158182583052,93.04,92.74615384615385,0.787776813375659,0.1809340659340672,1.9058050383351688,94.06,94.13846153846156,0.1778504125122261,0.0295604395604451,0.3199658703071641,,,,,,2.533846153846156,,,,,,,,3
FIN,Finland,0.39,0.4484615384615384,0.0493028318737294,-0.0124175824175824,-27.77777777777778,100.0,100.0,0.0,-1.1147911615022624e-15,0.0,99.45,99.45000000000005,1.479112654199449e-14,1.1147911615022624e-15,0.0,99.64,99.61076923076924,0.0221590983802521,0.0056043956043965,0.0703022998895323,,,,,,0.5499999999999687,,,,,,,,2
FRA,France,0.91,0.9830769230769232,0.0600533950448287,-0.015054945054945,-17.272727272727277,100.0,100.0,0.0,-1.1147911615022624e-15,0.0,98.65,98.65076923076924,0.0027735009811236,-0.0003296703296614,-0.0101358199878277,99.13,99.09692307692308,0.0278042608798877,0.0069230769230791,0.0908723747980504,,,,,,1.349230769230772,,,,,,,,4
GAB,Gabon,10.7,15.126923076923076,3.4830096770259495,-0.886923076923077,-49.50448324681454,86.93,85.02538461538461,1.1895910738892288,0.3032417582417618,4.157680325904641,49.9,48.18384615384616,1.967966541304071,0.4637912087912105,13.35756474329849,74.0,70.75384615384615,2.62522233490657,0.6654395604395617,12.053301029678972,,,,,,36.84153846153845,,,,,,,,0
GMB,Gambia,14.37,20.484615384615385,5.063089661765524,-1.285934065934066,-51.1058183055461,85.65,82.09692307692309,2.329278803318689,0.5980769230769245,9.14999362813815,47.72,46.878461538461536,0.4619496032008638,0.1162087912087925,2.9557713052858627,71.15,66.86692307692307,3.2541624232547295,0.8314835164835186,15.93612514257782,34.16,33.55,0.7043673284113428,0.4879999999999931,3.7037037037037006,35.218461538461554,,,,,,,,0
GEO,Georgia,1.06,1.1907692307692308,0.1491901213475353,-0.035054945054945,-30.71895424836601,94.98,94.3,0.5628202791892515,0.0232417582417631,-0.1996427445623597,86.26,86.92230769230767,0.4853204069848038,-0.1240659340659337,-1.6868019147481077,93.26,93.19307692307692,0.1855794805191113,-0.0176923076923069,-0.3632478632478517,,,,,,7.377692307692342,,,,,,,,1
DEU,Germany,0.54,0.6138461538461538,0.0539349085377398,-0.0137912087912087,-22.857142857142847,100.0,100.0,0.0,-1.1147911615022624e-15,0.0,99.23,99.2246153846154,0.0051887452166303,0.0011538461538508,0.0100786131828312,99.49,99.45846153846152,0.0244425018653113,0.0062087912087903,0.0704083685375107,,,,,,0.7753846153846098,,,,,,,,2
GHA,Ghana,11.78,16.436923076923076,3.946112822798711,-0.9989010989010988,-49.9787685774947,88.37,82.02307692307691,4.15940377260849,1.0680219780219802,16.87607459330777,28.58,21.63,4.415372766445282,1.1335164835164844,90.660440293529,66.88,60.29615384615385,4.661583311961611,1.1948351648351658,27.003418154196737,33.91,33.595,0.3637306695894616,0.2519999999999932,1.8930288461538325,60.39307692307692,,,,,,,,0
GRC,Greece,0.45,0.4953846153846154,0.0287562702192596,-0.0026923076923076,-6.249999999999995,100.0,99.98461538461538,0.0272688419920935,0.0054945054945082,0.080064051240991,99.0,98.89307692307692,0.1485701077709682,0.0328021978021987,0.4362382063508236,99.46,99.39769230769232,0.0593231048515726,0.0143406593406605,0.1913971995567621,,,,,,1.0915384615384625,,,,,,,,3
GRD,Grenada,1.79,1.9607692307692304,0.1109400392450457,-0.0282417582417582,-15.165876777251178,95.63,95.67384615384616,0.1093570956041475,-0.0137912087912047,0.0,91.49,91.64461538461538,0.3232289019826713,-0.0588461538461524,-1.0811979673478216,94.88,94.86692307692309,0.100364719513767,-0.0109340659340606,-0.189354092152332,,,,,,4.029230769230793,,,,,,,,4
GTM,Guatemala,3.53,4.644615384615385,0.9438804248474784,-0.2389010989010987,-44.321766561514195,94.62,92.42846153846152,1.4055416877124058,0.3608791208791244,4.807266282676123,69.62,67.35923076923078,1.3070160770399988,0.3346153846153869,6.5014532660241695,86.45,84.45153846153845,1.3349085246678036,0.3424725274725286,5.055292259083724,,,,,,25.069230769230742,,,,,,,,-1
GIN,Guinea,37.33,42.861538461538466,3.8752523491033166,-0.9934065934065928,-23.629296235679224,71.45,64.10923076923078,4.673825095747705,1.199945054945056,25.26297335203367,31.27,24.306153846153848,4.362211859560733,1.119505494505495,75.3785754346607,50.34,43.01461538461538,4.799834398852763,1.2320329670329684,40.92945128779397,41.05,40.825,0.2598076211353291,0.1799999999999954,1.1083743842364426,39.80307692307693,,,,,,,,0
GNB,Guinea-Bissau,25.62,33.36615384615384,6.431562198073832,-1.629835164835165,-43.12985571587125,61.78,60.67153846153845,0.8569212930976228,0.2183516483516485,4.375739145125872,27.84,21.01307692307692,4.920525691115033,1.2615934065934071,106.52818991097924,51.38,45.156153846153835,4.885474283461022,1.246373626373629,39.80952380952382,54.27,54.02,0.2886751345948128,0.1999999999999868,0.9298865538404314,39.65846153846152,,,,,,,,0
GUY,Guyana,4.56,5.702307692307693,0.871303179593206,-0.2230219780219778,-35.41076487252125,95.86,93.89,1.326153585876588,0.3404395604395661,4.388544048785801,90.99,87.32538461538462,2.372198752861346,0.6091208791208824,8.7226669853029,93.51,91.10384615384616,1.6335775589256984,0.4193406593406606,5.565590426732904,,,,,,6.564615384615379,,,,,,,,5
HTI,Haiti,13.85,20.283846153846152,11.655944505173844,-1.9047252747252743,-76.21500944530311,67.42,64.94076923076922,1.7126464002553752,0.439285714285716,8.392282958199354,37.48,33.21769230769231,3.680908297884625,0.9321978021978026,37.99705449189984,61.9,56.6876923076923,6.704780823967023,1.3363186813186836,70.85288434998621,29.45,29.75,0.3464101615137763,-0.2400000000000021,-1.9966722129783745,31.72307692307691,,,,,,,,0
HND,Honduras,2.36,2.980769230769231,0.5104158686545305,-0.1297252747252746,-39.175257731958766,95.8,93.27230769230768,1.705281764822428,0.4376923076923082,5.774539030584084,84.4,79.33538461538463,3.363801459124818,0.8635714285714302,13.992436520799568,92.31,89.49230769230768,1.9234870844647136,0.4935714285714317,6.827913435944922,43.0,42.835,0.1905255888325755,0.1319999999999931,0.7733770799156275,13.936923076923064,,,,,,,,5
HUN,Hungary,0.69,0.7999999999999999,0.1032795558988644,-0.0257692307692307,-27.368421052631582,100.0,99.98153846153848,0.0151910905062555,0.0032967032967038,0.0300090027008113,97.98,97.99307692307691,0.0094733093343133,-0.0023076923076882,-0.0306091215182135,99.01,98.95692307692308,0.0487142373755047,0.0121428571428606,0.1213469511578567,,,,,,1.98846153846155,,,,,,,,2
ISL,Iceland,0.54,0.5453846153846154,0.0066022529177352,0.0003296703296703,-1.8181818181818197,100.0,100.0,0.0,-1.1147911615022624e-15,0.0,98.78,98.78,1.479112654199449e-14,4.4591646460090505e-15,0.0,99.34,99.34153846153846,0.0037553380809906,-0.0003846153846139,0.0,,,,,,1.220000000000013,,,,,,,,3
IND,India,5.27,8.610769230769229,2.8444755273408537,-0.72032967032967,-61.42020497803807,93.3,89.76230769230769,2.322014763971701,0.5962087912087983,8.299477655252456,78.39,60.67692307692308,11.612783462356893,2.9817582417582433,83.5401545305549,88.13,79.50538461538463,5.944578223592505,1.5250000000000017,25.93598170905972,16.77,16.785,0.0173205080756894,-0.0120000000000024,-0.1785714285714353,29.085384615384605,,,,,,,,0
IDN,Indonesia,3.35,4.456153846153846,0.9242613128109248,-0.2345054945054944,-44.991789819376024,94.11,89.40923076923076,3.105523202131062,0.7973076923076958,11.333254465870104,88.16,75.24692307692307,8.702373607830015,2.2341208791208818,42.538399353274045,92.54,86.16076923076922,4.357243894823239,1.1184065934065952,16.666666666666686,35.96,35.605000000000004,0.4099186911246347,0.2839999999999966,2.014184397163123,14.162307692307692,,,,,,,,0
IRN,Iran,1.78,2.1784615384615384,0.3423411104402098,-0.0862087912087911,-37.102473498233216,97.69,96.89923076923075,0.5388948805729101,0.1382417582417658,1.7286264708945085,90.36,88.3753846153846,1.830157622467779,0.4597252747252748,6.093694963015143,95.2,94.08538461538464,0.946965463860002,0.2395604395604397,3.00800692490803,,,,,,8.523846153846165,,,,,,,,1
IRQ,Iraq,3.85,4.922307692307693,0.8504033733681313,-0.2169780219780217,-39.46540880503145,98.38,94.8453846153846,3.0834764346556836,0.7820879120879123,9.615598885793869,98.5,92.59538461538465,5.618506052004416,1.4091208791208805,18.717608774255755,97.18,93.5423076923077,3.290884262742954,0.8308241758241811,10.469478231215197,,,,,,2.2499999999999716,,,,,,,,0
IRL,Ireland,0.4,0.4984615384615385,0.077011487654565,-0.0196703296703296,-35.48387096774193,95.99,96.1946153846154,0.2042716893671822,-0.0506043956043939,-0.5800103573278118,89.25,89.50692307692307,0.2224254412675773,-0.0560439560439485,-0.7009345794392473,94.9,95.00307692307696,0.1082731588302308,-0.0267032967032933,-0.3046538501943397,,,,,,6.687692307692316,,,,,,,,1
ISR,Israel,0.67,0.7607692307692306,0.0736502476191287,-0.0187362637362637,-24.719101123595504,100.0,100.0,0.0,-1.1147911615022624e-15,0.0,99.92,99.9615384615385,0.026091554778686,-0.006648351648349,-0.0799999999999983,99.67,99.63615384615386,0.0259930957302326,0.0065934065934065,0.0803293503363774,,,,,,0.0384615384615045,,,,,,,,2
ITA,Italy,0.39,0.4976923076923076,0.072589467343622,-0.0184615384615384,-35.0,99.92,99.89923076923075,0.0368468764984533,0.0074175824175858,0.1102093978559256,99.89,99.89,1.479112654199449e-14,7.803538130515837e-15,0.0,99.76,99.69769230769232,0.0447500179057399,0.011428571428574,0.1405340293113838,,,,,,0.0092307692307542,,,,,,,,2
JAM,Jamaica,1.75,2.069230769230769,0.2444197734247899,-0.0625274725274725,-29.149797570850204,91.1,90.74923076923076,0.3473581614237564,0.03456043956044,-0.1534414730381418,86.55,85.91692307692307,0.6879363417180465,0.1699450549450562,2.184179456906723,91.74,91.26615384615386,0.3905879854257867,0.0969780219780253,0.9907529722589072,,,,,,4.832307692307694,,,,,,,,1
JPN,Japan,0.57,0.7161538461538461,0.1104942277178964,-0.0278021978021977,-33.720930232558146,99.14,98.94846153846154,0.1415301000874687,0.03626373626374,0.4152739795401565,99.94,99.95538461538465,0.0112660142429813,-0.0028021978021949,-0.0300090027008113,99.43,99.3046153846154,0.0921606735196205,0.0235164835164844,0.2621760613088687,,,,,,-1.0069230769231012,,,,,,,,2
JOR,Jordan,2.06,2.455384615384615,0.3125863983129406,-0.0797802197802196,-30.87248322147651,98.97,98.90769230769232,0.0558500740306666,0.013846153846155,0.1720647773279369,97.14,97.49461538461544,0.297702742810548,-0.0757692307692291,-0.8471981218740413,97.75,97.66692307692308,0.0642111900144914,0.0161538461538499,0.205023065094826,,,,,,1.4130769230768865,,,,,,,,2
KAZ,Kazakhstan,1.14,1.41,0.3681937895547217,-0.0839010989010989,-48.87892376681614,95.44,94.9446153846154,0.6129112957110985,0.1439560439560495,1.900491138159301,97.86,97.72384615384614,0.1733271695156537,0.0409890109890114,0.472279260780281,97.24,96.90538461538462,0.4300119258930571,0.1000000000000001,1.3022189811438691,,,,,,-2.779230769230736,,,,,,,,1
KEN,Kenya,9.43,12.714615384615389,3.001384723158672,-0.7520879120879124,-48.35706462212487,62.86,58.80384615384616,2.658146404487968,0.682527472527473,14.959765910753475,36.53,34.106923076923074,1.5523014345125576,0.3985714285714294,15.091367359798372,62.11,58.433076923076925,2.7733655385210954,0.7078571428571435,15.63954570843418,33.35,33.04,0.3579571668975705,0.2479999999999949,1.894286587228856,24.696923076923085,,,,,,,,0
KIR,Kiribati,10.37,12.987692307692308,1.9504065979779444,-0.4996153846153845,-35.025062656641616,75.69,71.93384615384615,2.383294423207571,0.6117582417582443,10.998680158380994,45.18,42.86,1.5025367438657429,0.3838461538461557,12.109181141439212,68.84,65.6023076923077,2.191309174314729,0.5623076923076934,10.799935618863673,56.31,55.185,1.299038105676658,0.8999999999999941,4.1620421753607095,29.073846153846148,,,,,,,,0
KWT,Kuwait,1.27,1.3407692307692305,0.0879830986100491,-0.0203846153846153,-16.99346405228758,100.0,100.0,0.0,-1.1147911615022624e-15,0.0,100.0,100.0,0.0,-1.1147911615022624e-15,0.0,99.42,99.38153846153848,0.0418023432050863,0.0098351648351646,0.1309296001611395,,,,,,0.0,,,,,,,,4
KGZ,Kyrgyzstan,1.88,2.46,0.5606395157912673,-0.1390659340659341,-47.33893557422969,90.8,88.3992307692308,1.892460750532937,0.4831318681318665,6.397937661120218,97.86,97.02615384615385,0.9065919558207944,0.2209340659340664,2.6862539349422896,95.35,94.00615384615382,1.1827548242805728,0.2986263736263732,3.7540805223068423,,,,,,-8.626923076923049,,,,,,,,1
LAO,Lao People's Democratic Republic,8.58,11.993846153846157,2.943366945244676,-0.7423626373626371,-50.71797817346353,85.46,78.58615384615385,6.347740462113976,1.5973076923076943,25.935750073681103,79.51,70.57307692307693,8.294245379192517,2.0848351648351664,40.90023037391459,84.36,77.51615384615384,6.2323812175624855,1.569835164835167,26.41990109396073,,,,,,8.013076923076923,,,,,,,,0
LVA,Latvia,0.52,0.7953846153846154,0.2639322951255802,-0.0653296703296702,-60.0,98.89,98.58076923076922,0.2028735870134224,0.0520879120879151,0.6309148264984273,92.44,91.60615384615384,0.9134507691672884,0.2219230769230797,2.6312867769512653,96.87,96.36153846153844,0.4901504217048426,0.1215934065934081,1.423934666527065,,,,,,6.97461538461539,,,,,,,,1
LBN,Lebanon,1.2,1.3538461538461537,0.1285520945984196,-0.0324725274725274,-24.52830188679246,92.6,91.1946153846154,1.385271425777966,0.3458241758241805,4.267537439477527,99.2,94.64384615384616,4.291234357115947,1.0786813186813184,13.50114416475972,96.71,94.65384615384616,1.9502672400705263,0.4896703296703306,5.890725938902875,16.82,16.665,0.1789785834487832,0.1239999999999974,1.877649909145964,-3.4492307692307804,,,,,,,,5
LSO,Lesotho,16.93,19.903076923076924,4.191533897066373,-0.8912637362637358,-39.23187365398421,73.97,71.69538461538461,1.5031722865583037,0.3859340659340702,6.600374693759906,50.28,42.04,7.048357964802866,1.7913736263736275,65.23167926388433,66.93,62.05538461538462,4.613398269144296,1.137142857142857,24.54410122813547,21.83,21.58,0.2886751345948128,0.1999999999999963,2.344116268166901,29.655384615384612,,,,,,,,0
LBR,Liberia,20.48,24.73076923076923,3.1728626967310913,-0.8114285714285709,-32.14049039098741,75.61,72.58538461538461,2.0199489077062296,0.5185164835164848,8.963827640870441,22.52,19.14,2.1337017910976535,0.5476923076923079,41.19122257053292,56.59,52.48923076923077,2.846071741712489,0.7300549450549475,18.26541274817137,19.85,20.055,0.2367136103677466,-0.1640000000000022,-2.023692003948668,53.44538461538461,,,,,,,,0
LBY,Libya,1.56,2.0746153846153845,0.7950536185756635,-0.1342857142857141,-35.26970954356847,99.89,97.48076923076924,2.564996626178617,0.6309890109890115,7.489508232002576,92.11,91.93846153846152,0.2366729865533925,0.0537912087912095,0.7217058501913577,96.61,95.5153846153846,1.2162073245998208,0.2902197802197817,3.127668659265577,,,,,,5.54230769230773,,,,,,,,-1
LTU,Lithuania,0.6,0.8446153846153845,0.1791468384973336,-0.0455494505494505,-48.27586206896552,98.04,96.70923076923076,1.3885031601120077,0.3423076923076968,4.0212201591512,95.31,92.2176923076923,2.0099218635150713,0.5160989010989017,6.933692359474933,97.51,95.91923076923078,1.2044947871650131,0.3074725274725288,3.822402044293019,,,,,,4.491538461538454,,,,,,,,1
LUX,Luxembourg,0.5,0.5046153846153845,0.0051887452166277,0.0002197802197802,-1.960784313725492,99.89,99.92538461538462,0.0496009718680633,-0.0118131868131869,-0.1099999999999994,97.59,97.60923076923076,0.0175411603861394,-0.004395604395601,-0.0512085210979077,98.93,98.94692307692308,0.0242846369077975,-0.0057142857142825,-0.0505152556071905,,,,,,2.3161538461538527,,,,,,,,3
MDG,Madagascar,21.73,22.12692307692308,0.7557489068840326,-0.1487912087912078,-9.646569646569649,53.47,48.84076923076923,3.0171467248004955,0.7747252747252767,21.05501471587049,14.75,11.630769230769232,2.0057062826614698,0.515,72.1120186697783,46.04,43.27384615384615,1.9538787853120017,0.4984615384615377,15.649334338105994,29.34,29.415,0.086602540378443,-0.06,-0.5086469989827012,37.21,,,,,,,,0
MWI,Malawi,11.0,18.76615384615385,7.205430288402327,-1.7887912087912083,-66.3505659223004,71.87,67.02000000000001,3.163294695935445,0.8122527472527491,15.676806695638184,49.24,36.20153846153846,8.53590148154043,2.1917582417582415,114.5533769063181,68.62,59.07538461538461,7.1697601254442445,1.8273076923076943,47.25321888412018,58.33,59.084999999999994,0.8717989064763377,-0.6040000000000159,-2.523395721925142,30.81846153846155,,,,,,,,0
MYS,Malaysia,1.1,1.159230769230769,0.0317441696645589,-0.0064285714285714,-6.77966101694914,97.16,97.06692307692308,0.0406990203372289,0.0099999999999997,0.1443001443001448,96.0,95.49384615384614,0.4400670112141724,0.1112637362637412,1.3299556681444007,97.21,96.98615384615384,0.1687472696835134,0.0431318681318689,0.5170096163788647,,,,,,1.5730769230769397,,,,,,,,3
MDV,Maldives,0.87,1.333076923076923,0.3668647483606779,-0.0936813186813186,-55.38461538461539,99.56,98.80692307692306,0.829903454378728,0.2018681318681332,2.3542716150920184,99.7,94.67692307692307,4.113006573897382,1.0481318681318688,13.501821493624773,99.35,97.21307692307693,1.8116998675984957,0.4600000000000028,5.545522150217783,,,,,,4.129999999999967,,,,,,,,1
MLI,Mali,37.76,47.57,7.643231210249585,-1.9525824175824156,-37.55581279973541,83.65,74.74230769230769,5.853987464179371,1.5030769230769248,27.47637915269735,50.21,39.71153846153847,6.667968014012772,1.711813186813188,69.1711590296496,60.52,49.52076923076923,7.692365762601324,1.973351648351649,62.775685852608945,39.3,39.54,0.2771281292110226,-0.1920000000000054,-1.2066365007541575,35.030769230769224,,,,,,,,0
MLT,Malta,0.75,0.8146153846153846,0.0384307569132208,-0.0093406593406593,-11.764705882352938,100.0,100.0,0.0,-1.1147911615022624e-15,0.0,99.96,99.96000000000002,1.479112654199449e-14,3.344373484506787e-15,0.0,99.64,99.61307692307696,0.0154836555678453,0.0036813186813189,0.0401606425702874,,,,,,0.0399999999999778,,,,,,,,3
MHL,Marshall Islands,5.05,6.2807692307692315,0.8975657964597132,-0.2298351648351648,-33.28929986789961,85.06,86.43153846153845,0.9177131555651984,-0.2355494505494482,-3.2199340084196137,81.46,82.95692307692306,1.482556264336393,-0.3709340659340633,-4.647079480276265,86.51,86.89461538461538,0.389713899004029,-0.0959340659340639,-1.2555644332838651,,,,,,3.47461538461539,,,,,,,,1
MRT,Mauritania,8.57,11.67153846153846,2.424344743615775,-0.6195054945054943,-45.48346055979644,77.81,67.35076923076923,6.75331827269437,1.7340659340659357,36.460890915468255,55.93,43.815384615384616,7.614703556699385,1.9543956043956057,72.19827586206898,73.96,64.99846153846154,5.902221116034548,1.5154945054945066,32.28402790198533,29.79,28.879999999999995,1.050777489925119,0.7279999999999943,6.5069717554522715,23.535384615384615,,,,,,,,0
MUS,Mauritius,1.32,1.6915384615384614,0.2802928871093638,-0.0715934065934065,-37.142857142857146,100.0,99.85076923076925,0.1240605724677485,0.0315934065934066,0.3512293025589506,95.46,95.27692307692308,0.3947443184177266,0.0706043956043946,1.3053167780961368,97.88,97.59615384615384,0.2791516452139261,0.0670329670329706,0.9176203732343547,,,,,,4.573846153846162,,,,,,,,2
MEX,Mexico,1.86,2.256923076923077,0.3177626109583645,-0.0809340659340659,-33.80782918149466,99.71,97.95461538461538,1.3250007256892065,0.3387912087912098,4.081419624217116,92.52,88.8530769230769,2.4631598426120065,0.6323076923076931,8.885488996116273,96.55,94.55923076923077,1.407305116990516,0.3608241758241786,4.61588471123631,,,,,,9.101538461538482,,,,,,,,5
FSM,Micronesia (Federated States of),3.92,4.973076923076923,0.8203290459259283,-0.2097252747252747,-37.28,90.11,90.21153846153848,0.1352063949329669,-0.0311538461538434,-0.4089301503094656,90.45,83.84846153846155,8.91396549069104,2.043516483516486,37.19096010920672,91.71,89.0576923076923,3.276962907546543,0.767582417582421,11.055945749576162,,,,,,6.3630769230769175,,,,,,,,0
MCO,Monaco,1.96,2.327692307692308,0.2758971380229066,-0.0706593406593406,-28.72727272727273,100.0,100.0,0.0,-1.1147911615022624e-15,0.0,100.0,100.0,0.0,-1.1147911615022624e-15,0.0,99.09,98.92461538461536,0.1262679284046008,0.0323076923076909,0.3646308113035545,,,,,,0.0,,,,,,,,2
MNG,Mongolia,2.08,2.8346153846153848,0.6913949110869438,-0.1718681318681318,-50.943396226415096,83.51,79.39615384615385,2.6669006307620404,0.6847252747252791,11.080074487895711,69.96,63.894615384615385,4.547535258035601,1.1640659340659352,23.408008467101777,83.53,79.78769230769231,2.716207999663483,0.695879120879122,10.885437408734903,51.97,52.46,0.5658032638058356,-0.3920000000000113,-1.8508026440037848,15.501538461538466,,,,,,,,0
MNE,Montenegro,0.36,0.5784615384615385,0.1859590525647225,-0.047087912087912,-60.439560439560445,98.86,97.68846153846152,0.994332658569272,0.2518681318681355,2.8078202995008352,97.81,95.83384615384615,1.7992338112908806,0.4536813186813208,5.3987068965517295,98.73,97.57461538461538,1.0156821630856063,0.2571978021978042,2.95099061522419,,,,,,1.8546153846153572,,,,,,,,1
MSR,Montserrat,0.77,0.9153846153846152,0.1134765309521007,-0.029010989010989,-30.000000000000004,98.08,98.07230769230767,0.0059914468951534,0.0013186813186848,0.0203956761166592,89.1,87.58153846153847,1.3239766246290356,0.3358791208791243,4.320337197049523,95.37,94.79461538461538,0.4959270004179959,0.1259340659340677,1.479038093211322,,,,,,10.490769230769205,,,,,,,,1
MAR,Morocco,2.61,3.3630769230769224,0.6413057593091432,-0.162252747252747,-42.12860310421286,87.02,81.30153846153847,4.1927156000096275,1.072912087912088,16.13505938876283,87.52,83.34769230769231,3.361988880226886,0.8575824175824192,12.320328542094447,90.31,86.66461538461537,2.8090230074547726,0.71835164835165,9.8661800486618,21.76,21.610000000000003,0.1732050807568881,0.1199999999999963,1.397949673811746,-2.0461538461538424,,,,,,,,-1
MOZ,Mozambique,19.56,25.95846153846154,6.033000699146109,-1.4951098901098898,-45.95192042000553,63.2,51.22461538461538,7.9933812363569645,2.052087912087913,61.92672303356392,37.38,29.274615384615384,5.253506155233563,1.3488461538461542,75.32833020637901,57.83,48.18076923076923,7.139813794885762,1.823956043956045,57.40337506804571,48.77,49.495000000000005,0.8371578903249549,-0.5800000000000091,-2.8872958980485777,21.95,,,,,,,,0
MMR,Myanmar,8.37,11.25153846153846,2.3996383274493893,-0.6085714285714283,-46.2082262210797,82.38,73.46076923076923,6.605524785534279,1.6925824175824191,30.24505928853754,74.13,71.69,1.8119510663002647,0.4642857142857161,7.700130756937377,81.64,76.52076923076923,3.906213984449352,0.9997252747252782,16.329438586491868,,,,,,1.7707692307692326,,,,,,,,0
NAM,Namibia,9.95,12.07153846153846,1.1932018979329395,-0.2304395604395604,-22.92796281951976,85.91,83.53307692307693,1.6612614916351212,0.4262087912087939,6.205958709358383,35.84,34.08,1.1774619597535492,0.301923076923077,11.477449455676531,69.32,66.96307692307693,1.402529765669784,0.3495054945054961,6.564181398923899,,,,,,49.453076923076935,,,,,,,,0
NRU,Nauru,4.55,5.737692307692307,0.8899733502204232,-0.2279670329670329,-36.09550561797753,97.0,97.08461538461538,0.1284273714734906,-0.0280219780219748,-0.3697617091207882,65.93,65.87769230769233,0.0632658209664927,0.0150549450549482,0.2585158150851607,85.55,85.00692307692309,0.3961562110957528,0.1014835164835168,1.3385453683961093,,,,,,31.206923076923047,,,,,,,,1
NPL,Nepal,4.44,6.427692307692307,1.7521184979245068,-0.4413186813186811,-53.84615384615385,91.24,88.69999999999997,1.9328174599100991,0.4947802197802205,6.601238462437191,80.39,62.17615384615384,13.22912792443348,3.390824175824177,91.17717003567182,88.49,80.65692307692308,5.850222765865965,1.4987912087912092,23.86618141097424,44.78,44.98,0.2309401076758495,-0.1600000000000058,-0.8853474988933124,26.523846153846137,,,,,,,,0
NLD,Netherlands,0.55,0.5969230769230769,0.0444193305113541,-0.0108791208791208,-20.289855072463755,100.0,100.0,0.0,-1.1147911615022624e-15,0.0,97.67,97.72923076923078,0.0444337593993466,-0.0112637362637344,-0.1431346488089158,98.97,98.9669230769231,0.0063042517195611,0.0011538461538519,0.0202122283981768,,,,,,2.2707692307692184,,,,,,,,4
NZL,New Zealand,0.79,0.9130769230769232,0.099447189953983,-0.0253296703296703,-26.16822429906542,100.0,100.0,0.0,-1.1147911615022624e-15,0.0,100.0,100.0,0.0,-1.1147911615022624e-15,0.0,99.64,99.58000000000004,0.0467261525629199,0.0119230769230774,0.1306401366696768,,,,,,0.0,,,,,,,,2
NIC,Nicaragua,1.87,2.643076923076923,0.640018028592224,-0.1626923076923076,-50.26595744680851,81.71,81.40923076923076,0.2328612440367823,0.059395604395606,0.814312152991976,73.02,71.31076923076922,2.191781853266353,0.5095054945054956,9.082760681207048,84.05,83.02153846153844,1.0899453056143535,0.2650000000000018,3.8551834919065735,41.11,40.585,0.6062177826491054,0.4199999999999918,2.621068397403887,10.098461538461535,,,,,,,,-1
NER,Niger,59.17,63.31923076923077,4.021760521501459,-0.970384615384614,-18.047091412742382,48.9,46.167692307692306,1.6334633647873966,0.4185714285714293,12.258953168044068,16.41,13.364615384615384,1.9135595774394525,0.4912087912087914,56.8833652007648,27.78,23.943076923076923,2.992299518807636,0.7508241758241768,54.24764019988895,71.14,71.325,0.2136195996001641,-0.1480000000000052,-0.5174101524262403,32.80307692307692,,,,,,,,0
NGA,Nigeria,43.29,49.646923076923066,4.306631291035151,-1.1000549450549455,-22.724027133166732,79.64,69.82692307692308,6.359074073866657,1.632857142857144,32.62281432139884,46.57,40.36769230769231,3.8585838374679944,0.9900000000000004,34.24618045546268,55.42,47.14230769230768,5.389369403195754,1.382472527472529,41.92061459667095,32.89,32.85,0.046188021535169,0.0319999999999939,0.2438281011886567,29.45923076923077,,,,,,,,0
NIU,Niue,3.77,4.76,0.7750591375286576,-0.1979670329670328,-37.58278145695364,97.01,97.52538461538462,0.487760449821687,-0.1225274725274712,-1.3624809354346612,97.43,98.12769230769231,0.5891541089583958,-0.1498901098901086,-1.6653209527654336,96.41,96.3546153846154,0.0328165061656961,0.0008241758241781,0.0622729631551658,,,,,,-0.60230769230769,,,,,,,,2
MKD,North Macedonia,0.66,1.066153846153846,0.2578287048131782,-0.0526373626373625,-44.53781512605042,97.84,97.55846153846151,0.2066739039262158,0.0529670329670346,0.6170300287947436,98.98,95.9392307692308,2.3348071352842754,0.5974175824175837,7.3419368832014,98.63,97.34,0.9428414500858536,0.2412637362637386,2.8145522777024796,,,,,,1.6192307692307253,,,,,,,,1
NOR,Norway,0.4,0.4923076923076924,0.0698991948158019,-0.0178571428571428,-34.42622950819671,100.0,100.0,0.0,-1.1147911615022624e-15,0.0,98.05,98.0553846153846,0.0051887452166303,-0.0011538461538418,-0.0101978380583368,99.16,99.12307692307694,0.0311941809169106,0.0079120879120903,0.0908448571717002,,,,,,1.9446153846154033,,,,,,,,2
OMN,Oman,1.46,1.563846153846154,0.0672728847727004,-0.017087912087912,-12.048192771084336,92.44,90.48923076923076,1.5843529780242644,0.4030219780219832,5.236794171220394,99.32,98.69692307692304,1.0495505753685272,0.2173626373626413,3.221783413011842,96.58,95.67461538461538,0.8777111843180103,0.214945054945057,2.8321976149914785,,,,,,-8.20769230769227,,,,,,,,1
PAK,Pakistan,11.14,14.366923076923076,2.4632308885397665,-0.6304395604395601,-39.15892954669579,90.63,89.73153846153845,0.5915212894710015,0.1518681318681287,2.0608108108108087,70.53,60.123076923076916,6.813801416506775,1.7495604395604405,42.42730210016155,81.91,76.65153846153845,3.602713898701567,0.9246703296703312,15.382448232145377,39.89,39.215,0.7794228634059956,0.5399999999999957,3.502854177477949,29.608461538461533,,,,,,,,0
PLW,Palau,1.14,1.461538461538462,0.2686647897115832,-0.0682417582417582,-40.62500000000001,99.57,99.52461538461536,0.0325615787433043,0.0082967032967054,0.1005328239670195,99.02,97.44153846153844,1.0815178080969208,0.27736263736264,3.490802675585273,99.0,98.31384615384616,0.4935844821564378,0.1263736263736275,1.5384615384615383,,,,,,2.0830769230769164,,,,,,,,1
PSE,Palestine,2.09,2.7115384615384617,0.6076436202502,-0.1231318681318679,-37.23723723723724,98.44,96.64538461538464,1.2143284521675288,0.311483516483517,4.004226096143679,99.44,96.7146153846154,1.8369386461565853,0.4715934065934098,5.94502450458129,98.33,96.5330769230769,1.2488286819748655,0.3176373626373649,3.9099651273380567,,,,,,-0.0692307692307565,,,,,,,,1
PAN,Panama,1.95,2.366153846153846,0.3280126639206292,-0.0836813186813185,-33.21917808219178,94.65,93.33153846153846,0.9470026940638062,0.2417032967032994,2.880434782608702,85.88,79.80615384615385,4.4166324623736015,1.132307692307694,17.708333333333336,92.61,89.95384615384614,1.93666611500941,0.4964285714285724,6.484994825802001,,,,,,13.52538461538461,,,,,,,,5
PNG,Papua New Guinea,8.67,10.907692307692306,1.69545546410669,-0.434120879120879,-36.34361233480176,50.24,44.01538461538461,4.001725909705743,1.0275274725274743,32.629355860612456,19.3,18.95846153846154,0.2297769263817323,0.0588461538461538,3.596349973161576,52.51,49.28769230769231,2.19156775637196,0.5625824175824186,14.45074106364428,22.41,22.75,0.3925981830489453,-0.2720000000000008,-2.9449978345604144,25.056923076923074,,,,,,,,0
PRY,Paraguay,2.63,3.276923076923077,0.5214784210202218,-0.1329120879120879,-36.77884615384615,99.6,96.26153846153844,3.5459315798857083,0.8725274725274781,10.789766407119007,94.57,88.52692307692307,4.043598613066056,1.0380219780219777,15.09066569307532,96.84,93.41769230769228,2.747644912302639,0.6981868131868174,9.0909090909091,,,,,,7.734615384615381,,,,,,,,0
PER,Peru,3.2,3.717692307692308,0.4297121875192325,-0.1086263736263734,-29.20353982300884,94.81,91.14230769230768,2.406339383954231,0.6178571428571442,8.49067399015906,78.46,74.90538461538462,2.333808101882038,0.5992307692307675,10.10384507437551,89.61,86.96461538461539,1.775052184137204,0.4556043956043995,6.513728753120176,,,,,,16.236923076923063,,,,,,,,5
PHL,Philippines,5.38,6.257692307692308,0.6093323374283508,-0.1558241758241758,-24.43820224719101,94.88,92.38692307692304,1.6213388737675236,0.4163186813186835,5.5629728526924795,84.76,77.83153846153847,4.458013096574613,1.1446703296703322,19.329860622272285,90.73,87.18307692307692,2.306727063089551,0.5922527472527492,8.424952198852768,42.33,42.345,0.0173205080756894,-0.0120000000000062,-0.0708215297450451,14.555384615384584,,,,,,,,5
POL,Poland,0.62,0.6869230769230769,0.066003107929932,-0.0163186813186813,-24.39024390243902,90.37,94.08538461538458,2.770991445267126,-0.709945054945054,-8.188560398252568,98.96,97.52692307692308,1.7117066756865018,0.4087912087912105,4.963937208315648,96.15,96.8869230769231,0.4099265099865364,-0.0931318681318656,-1.0700689371334418,,,,,,-3.4415384615384994,,,,,,,,-1
PRT,Portugal,0.56,0.6615384615384616,0.0628286232336496,-0.0157142857142857,-26.315789473684205,99.26,99.19846153846154,0.0333781749666246,0.0083516483516489,0.1008471157724975,99.66,99.34,0.3244996147917589,0.0805494505494519,0.9113001215066742,99.38,99.20692307692308,0.1455669728672802,0.0369780219780254,0.4244139046079241,,,,,,-0.1415384615384596,,,,,,,,2
QAT,Qatar,0.77,1.0530769230769228,0.1992228490654212,-0.0508241758241758,-41.66666666666667,99.99,99.9523076923077,0.023506682083272,0.0059890109890093,0.0700560448358618,99.94,99.94000000000004,2.958225308398898e-14,1.1147911615022624e-15,0.0,99.62,99.47692307692306,0.1005306433701211,0.0256593406593408,0.2818602778337036,,,,,,0.0123076923076723,,,,,,,,2
KOR,Republic of Korea,0.42,0.5015384615384616,0.0588566271893196,-0.015054945054945,-30.0,100.0,99.51923076923076,0.3180005644245924,0.0816483516483558,0.979501161264262,99.82,99.89153846153846,0.0484503446575569,-0.0124175824175774,-0.1500450135040568,99.74,99.57,0.1166904737614266,0.029945054945058,0.3521481034309229,,,,,,-0.372307692307686,,,,,,,,2
MDA,Republic of Moldova,2.0,2.2023076923076923,0.1490611645239321,-0.038186813186813,-18.032786885245898,92.02,89.39769230769231,1.691770048628329,0.4343956043956077,6.00161271742886,84.91,80.95615384615384,2.614732422452752,0.6713186813186833,10.315707418474728,91.39,89.1023076923077,1.5035189492551224,0.3860439560439562,5.288018433179728,,,,,,8.441538461538471,,,,,,,,5
ROU,Romania,1.17,1.463846153846154,0.2463919121216732,-0.0625824175824175,-37.09677419354839,100.0,100.0,0.0,-1.1147911615022624e-15,0.0,88.28,83.96538461538461,3.173842611579365,0.8134615384615423,11.775132945049377,95.55,93.97846153846152,1.1704760153732774,0.2998901098901122,3.712145880820582,,,,,,16.034615384615392,,,,,,,,-1
RUS,Russian Federation,0.99,1.5015384615384613,0.4009332062793451,-0.102087912087912,-51.94174757281553,97.05,96.54692307692306,0.3248688098136586,0.0834065934065982,1.0306058713304131,89.42,88.03000000000003,0.8845526176171388,0.2270879120879176,3.137254901960783,95.03,94.16615384615385,0.5872753252881557,0.150659340659341,1.8542336548767464,,,,,,8.516923076923035,,,,,,,,1
RWA,Rwanda,10.09,13.695384615384617,3.3443001644205905,-0.8237912087912087,-51.06692531522794,65.1,59.49461538461538,3.738448018863387,0.9597252747252768,20.9812302545995,73.83,67.02384615384616,5.10629927713724,1.3080219780219795,25.199253857893844,74.99,69.1846153846154,4.454994604158003,1.1365934065934071,22.1136622699886,37.51,37.825,0.3637306695894657,-0.2520000000000045,-1.651809124278979,-7.529230769230786,,,,,,,,0
KNA,Saint Kitts and Nevis,2.34,2.666153846153846,0.211760023829588,-0.0528571428571428,-19.31034482758621,98.61,98.60461538461536,0.0119828937903068,0.0020879120879128,0.0405802982651985,94.95,94.6492307692308,0.6310105854693414,0.1146153846153875,2.1077535218840824,96.78,96.52384615384616,0.2815001024729972,0.0637912087912115,0.970266040688583,,,,,,3.955384615384574,,,,,,,,4
LCA,Saint Lucia,2.44,2.426923076923077,0.0143669849450138,0.0031868131868133,0.8264462809917362,96.89,95.67153846153847,1.2972396730098756,0.3191208791208827,3.769947520616896,83.36,83.24384615384614,0.2590861652532631,0.0054395604395624,-0.3943123431712251,92.29,91.85,0.4327817001676507,0.1067582417582475,1.161898498301,,,,,,12.42769230769234,,,,,,,,3
VCT,Saint Vincent and the Grenadines,1.16,1.5369230769230773,0.3244324432858253,-0.0820329670329669,-45.023696682464454,97.73,97.59076923076924,0.232287951275336,0.0480219780219833,0.7006697578567819,89.7,88.34538461538462,2.3311392614793007,0.4758241758241767,8.254887762490954,95.27,94.60307692307694,0.987576027582896,0.2120879120879162,3.184230477634569,,,,,,9.245384615384625,,,,,,,,1
WSM,Samoa,2.38,2.636923076923077,0.1645389829890683,-0.0416483516483516,-16.19718309859155,99.04,93.39384615384614,3.720287933439066,0.9508241758241798,11.821158405780755,97.93,95.77384615384616,1.3917467349913126,0.3573626373626418,4.581375480563868,97.89,95.17076923076924,1.7772847339807507,0.4551648351648375,5.530401034928843,24.91,24.53,0.4387862045841165,0.3039999999999976,3.146997929606632,-2.3800000000000097,,,,,,,,-1
SMR,San Marino,0.19,0.243076923076923,0.0428922322774601,-0.0108791208791208,-40.625,100.0,100.0,0.0,-1.1147911615022624e-15,0.0,100.0,100.0,0.0,-1.1147911615022624e-15,0.0,99.91,99.88769230769232,0.0200640001635794,0.0049999999999993,0.0600901352028064,,,,,,0.0,,,,,,,,2
STP,Sao Tome and Principe,3.33,5.006153846153846,1.767335746547792,-0.4266483516483515,-61.89931350114416,77.34,76.09307692307694,1.277363069082715,0.3156593406593437,4.796747967479684,47.84,41.03615384615385,5.022817168451617,1.2872527472527486,44.31372549019609,73.52,70.06538461538462,2.881014333484578,0.7307142857142882,13.194765204003067,,,,,,35.056923076923084,,,,,,,,0
SEN,Senegal,9.75,15.593846153846153,5.091955319360037,-1.285329670329669,-60.70133010882708,86.25,79.08000000000001,4.6817304493103835,1.20214285714286,20.07517750243631,60.18,53.86153846153846,4.125804661222355,1.059395604395605,26.77480514008848,77.64,70.44538461538461,5.26449525181762,1.346978021978023,25.936739659367404,45.0,44.71,0.3348631561299819,0.2319999999999903,1.305718144979735,25.21846153846155,,,,,,,,0
SRB,Serbia,0.75,0.8546153846153846,0.0987940099917824,-0.0246703296703296,-27.18446601941748,95.68,93.74384615384616,1.4359871080058402,0.3679670329670365,4.5683060109289695,97.91,97.39846153846156,0.5100138258558309,0.1268131868131906,1.450626878043717,97.52,96.65307692307692,0.6908857191483084,0.1763736263736276,2.0831152517533704,,,,,,-3.654615384615383,,,,,,,,1
SYC,Seychelles,1.96,2.0246153846153847,0.0340625367560375,-0.0040659340659339,-2.4875621890547177,96.42,95.88846153846154,0.4471361864474508,0.1137912087912104,1.324085750315264,100.0,99.09307692307692,0.7521234895878107,0.1881318681318709,2.1972406745017943,97.9,97.39307692307692,0.4038230762636999,0.1023076923076928,1.1990903452553348,,,,,,-3.20461538461538,,,,,,,,3
SLE,Sierra Leone,28.68,42.12538461538462,11.035873787625984,-2.7702197802197785,-52.45358090185677,65.34,58.50692307692308,4.440738273109148,1.140274725274726,26.50532429816071,22.92,17.638461538461538,3.273565452107346,0.8397802197802203,78.50467289719629,49.51,39.26461538461538,7.62516515163728,1.9390659340659349,83.50630096367678,38.59,38.735,0.1674315780649909,-0.1160000000000075,-0.7458847736625491,40.868461538461546,,,,,,,,0
SGP,Singapore,0.36,0.4838461538461539,0.0770863651517419,-0.0192857142857142,-37.93103448275862,100.0,100.0,0.0,-1.1147911615022624e-15,0.0,100.0,100.0,0.0,-1.1147911615022624e-15,0.0,99.83,99.77692307692304,0.0347334169987663,0.0087912087912109,0.100270730973623,,,,,,0.0,,,,,,,,2
SVK,Slovakia,1.01,1.0938461538461537,0.0700640732399591,-0.0177472527472526,-17.213114754098356,99.79,99.58692307692309,0.3761512243629482,0.0737362637362699,1.1863719326708595,97.54,97.67692307692307,0.2647761512228965,-0.0524725274725235,-0.7832367002339499,98.64,98.58,0.0679460570354649,0.0153846153846175,0.2337160857636459,,,,,,1.9099999999999968,,,,,,,,4
SVN,Slovenia,0.42,0.4838461538461538,0.0553079954344248,-0.0139010989010988,-28.8135593220339,99.5,99.5,0.0,2.229582323004525e-15,0.0,98.31,98.58076923076922,0.2015961945102786,-0.051648351648352,-0.5965621840242703,99.08,99.13769230769228,0.0416641024852034,-0.0106593406593372,-0.1209677419354884,,,,,,0.9192307692307792,,,,,,,,2
SLB,Solomon Islands,2.74,3.390000000000001,0.516107224001628,-0.1317032967032968,-35.68075117370891,67.45,69.3076923076923,2.271020893218706,-0.5456593406593379,-8.231292517006798,35.02,31.988461538461536,2.881330266138213,0.7194505494505496,30.33122441384444,66.22,65.53307692307693,0.4638136230460226,0.1184065934065953,2.159827213822903,9.69,9.77,0.0923760430703402,-0.0640000000000007,-1.624365482233504,37.31923076923077,,,,,,,,0
SOM,Somalia,43.77,54.00307692307692,8.173125049632059,-2.08521978021978,-35.35666814355338,58.26,50.09692307692307,5.99544602818865,1.5362637362637366,44.67345418425626,40.58,35.041538461538465,3.9832772230786846,1.0213186813186823,41.739434159972056,46.07,36.78153846153846,7.095144873026257,1.8151648351648355,83.9856230031949,,,,,,15.055384615384604,,,,,,,,0
ZAF,South Africa,6.59,8.845384615384615,2.8038652350657394,-0.594010989010989,-60.06060606060606,94.49,92.14615384615384,1.5845059085907414,0.4065934065934106,5.445820778930917,77.63,72.99538461538461,3.068288381124495,0.787747252747253,13.860369609856244,87.66,84.2953846153846,2.7267306901141257,0.6724175824175861,11.939726727110196,,,,,,19.150769230769228,,,,,,,,0
ESP,Spain,0.49,0.5646153846153847,0.064500049691891,-0.016098901098901,-28.985507246376805,99.93,99.94769230769234,0.0291987003574452,-0.0060439560439518,-0.0699999999999931,99.92,99.90846153846154,0.0157300952773958,0.0035714285714328,0.0400480576692093,99.72,99.69076923076923,0.025645512427952,0.0064285714285736,0.0802890405459637,,,,,,0.039230769230798,,,,,,,,2
LKA,Sri Lanka,0.98,1.242307692307692,0.2165699981589419,-0.055054945054945,-38.36477987421384,89.31,87.50153846153846,1.1617504476281058,0.2982967032967039,4.175901084801118,95.09,89.94846153846153,3.3101506666460714,0.849945054945059,12.015549534691958,94.34,91.90846153846152,1.5873187358658536,0.4075824175824183,5.4431653068067565,44.72,44.555,0.1905255888325755,0.1319999999999931,0.7434106780806449,-2.4469230769230705,,,,,,,,5
SDN,Sudan,16.59,20.98307692307692,3.3607697149496985,-0.860164835164835,-37.06373292867981,64.92,58.191538461538464,4.408693771314898,1.1320329670329676,26.303501945525294,36.89,34.380769230769225,3.1271937940653807,0.7327472527472538,30.63031161473089,59.61,54.50307692307693,4.002204360548039,1.0187912087912083,24.94236009222385,34.51,33.879999999999995,0.7274613391789272,0.5039999999999959,3.78947368421052,23.81076923076924,,,,,,,,0
SUR,Suriname,1.85,2.1892307692307695,0.2617079013729346,-0.0669230769230768,-29.389312977099237,97.99,96.09923076923076,1.5875057036037232,0.4040659340659346,4.757323070344225,89.97,87.04076923076923,2.4338462754060055,0.6198901098901145,8.202044497895361,95.13,93.36769230769232,1.4618547228672312,0.3724175824175845,4.515491100856954,,,,,,9.058461538461543,,,,,,,,5
SWE,Sweden,0.45,0.5030769230769232,0.034492659940103,-0.0086813186813186,-18.181818181818183,99.74,99.68153846153848,0.0456154494745926,0.0116483516483539,0.1305089850416579,98.86,98.94923076923077,0.064995068846482,-0.016648351648351,-0.1918223119636524,99.32,99.3107692307692,0.0095407358744293,0.0022527472527479,0.0201409869083545,,,,,,0.7323076923077139,,,,,,,,4
CHE,Switzerland,0.45,0.5407692307692308,0.0684910624901208,-0.0175274725274725,-30.76923076923077,100.0,100.0,0.0,-1.1147911615022624e-15,0.0,99.9,99.8946153846154,0.0077625002580658,0.001703296703301,0.0200240288346117,99.76,99.71538461538464,0.0335696749600459,0.0085714285714311,0.1003411599438175,,,,,,0.105384615384608,,,,,,,,2
SYR,Syrian Arab Republic,3.91,8.913846153846151,6.71874186940474,-0.6453846153846149,41.666666666666686,94.08,93.49230769230768,0.4225548060341567,0.1073076923076955,1.2157073695535183,94.98,92.95384615384616,1.2856291485853573,0.3297252747252742,4.259055982436894,94.55,91.36769230769232,3.388008642861257,0.4438461538461573,1.2204260785783114,,,,,,0.5384615384615188,,,,,,,,3
TJK,Tajikistan,3.89,4.8500000000000005,0.7362744053679987,-0.1881868131868129,-36.33387888707038,81.94,77.04307692307692,4.538443904789731,1.142307692307695,17.950194328487115,96.75,95.50384615384615,1.2056017754738275,0.3021428571428591,3.520222555103795,91.1,88.60923076923076,2.2511088435793223,0.568296703296705,7.4039141711860434,63.37,63.19,0.2078460969082649,0.1439999999999898,0.5713378828757331,-18.46076923076923,,,,,,,,-1
TZA,Tanzania,13.46,17.982307692307696,3.966247499938605,-0.984835164835164,-47.86986831913245,60.79,52.21307692307692,5.621569153144853,1.4434065934065936,39.875747814081905,30.62,25.35538461538462,4.232474877626988,1.0797252747252752,65.42409508373851,57.59,50.886923076923075,5.08076992954051,1.2956593406593413,36.890896125505115,46.63,46.185,0.5138417395787672,0.3559999999999887,1.945780498469612,26.8576923076923,,,,,,,,0
THA,Thailand,1.2,1.4992307692307694,0.2376082749141795,-0.0606043956043955,-37.17277486910995,100.0,99.04153846153848,0.873888304779717,0.2203296703296747,2.522042239081396,99.02,97.38307692307691,1.250835618132831,0.320109890109895,3.805430338609912,99.12,98.11461538461536,0.8158596221635932,0.2079670329670375,2.439024390243902,,,,,,1.6584615384615375,,,,,,,,1
TLS,Timor-Leste,7.81,10.258461538461535,1.9311561569598932,-0.4932967032967028,-42.062314540059354,87.02,76.03615384615385,7.754877538751056,1.9876923076923096,36.52337621587699,58.38,51.845384615384624,4.310424602798459,1.1067032967032997,29.44567627494457,78.19,71.22461538461539,4.910771520145985,1.2592307692307734,23.3475311563338,42.97,42.905,0.0750555349946487,0.0519999999999911,0.3034547152194105,24.190769230769227,,,,,,,,0
TGO,Togo,20.12,25.596923076923076,4.2882637990515935,-1.0957142857142843,-38.43329253365973,70.99,64.43230769230769,4.344211002100293,1.1153296703296725,23.203748698368617,19.2,16.600769230769227,1.9975545947418705,0.5107692307692312,42.32765011119347,54.11,48.52461538461539,4.090653198419977,1.04813186813187,28.986889153754458,41.06,40.24,0.9468544414709866,0.6559999999999937,4.160324708269915,47.83153846153846,,,,,,,,0
TON,Tonga,1.58,1.715384615384615,0.0895000358114811,-0.0228021978021977,-15.053763440860216,98.81,98.58923076923077,0.143611834381288,0.0368681318681316,0.4472908407034641,95.3,93.70076923076924,1.0574849213933777,0.2714835164835156,3.5531891774421345,97.3,96.63846153846154,0.4406783814727431,0.1131318681318719,1.4175526370648317,,,,,,4.888461538461527,,,,,,,,4
TTO,Trinidad and Tobago,1.76,2.0961538461538463,0.2702942366366223,-0.0688461538461538,-31.25,98.88,97.9592307692308,1.1562256234436634,0.2713736263736284,3.2365838379619905,93.92,93.5353846153846,0.4552767543779538,0.108241758241762,1.4473968459710558,96.78,96.19538461538464,0.6545687560602451,0.157637362637366,1.9380661470402392,,,,,,4.423846153846171,,,,,,,,1
TUN,Tunisia,2.32,2.4576923076923074,0.1042556030591678,-0.0259890109890108,-13.108614232209742,97.18,94.6146153846154,1.8625726624958616,0.4768131868131857,5.710866963994343,97.44,92.94153846153846,3.787578043538829,0.9638461538461576,12.245133049187876,97.14,94.7169230769231,1.9275346283762944,0.4920329670329669,5.955497382198946,26.36,26.2,0.1847520861406804,0.1279999999999957,1.228878648233488,1.6730769230769482,,,,,,,,5
TUR,Turkey,1.3,1.8000000000000005,0.4339930875025546,-0.1092307692307691,-50.38167938931297,97.03,96.35923076923078,0.5676334136638641,0.1442857142857199,1.6979352269154226,99.25,96.8046153846154,2.097139382526489,0.5326373626373666,6.388680458784428,98.16,96.89,1.0876503727454574,0.2760439560439585,3.3045674594822145,,,,,,-0.4453846153846115,,,,,,,,1
TKM,Turkmenistan,5.8,6.010769230769229,0.1280274409688237,-0.0130219780219778,-6.148867313915856,100.0,97.84307692307692,2.0940605873731895,0.5231318681318702,6.224771616741023,99.82,97.78461538461536,1.4983469523923962,0.3840109890109948,4.567358055730149,97.26,95.76769230769231,1.2109029265122366,0.3084065934065953,3.821520068317675,,,,,,0.0584615384615574,,,,,,,,1
TUV,Tuvalu,3.19,4.103846153846154,0.758337418980259,-0.1926373626373626,-41.467889908256886,99.26,99.14230769230768,0.0747388616176192,0.0191758241758292,0.2322528526709118,83.55,83.33384615384615,0.2007709499877274,0.0497802197802213,0.7354714251265969,92.8,92.26615384615386,0.4409372302557828,0.1119230769230775,1.442938347179704,,,,,,15.808461538461527,,,,,,,,1
UGA,Uganda,11.31,17.356923076923078,5.614281468741696,-1.3970329670329666,-59.77951635846374,59.26,49.59076923076923,6.184063471993236,1.587747252747254,47.30300770569227,21.01,19.784615384615385,0.8037476322890513,0.2063736263736267,13.383702104695091,54.87,48.44461538461538,4.878622782754396,1.2428571428571442,37.38107160741112,52.21,52.95,0.8544783984006443,-0.5920000000000059,-2.7565654684298697,29.806153846153848,,,,,,,,0
UKR,Ukraine,1.19,1.360769230769231,0.1567089413776135,-0.039120879120879,-28.313253012048197,93.59,93.7130769230769,0.471970772671794,-0.080274725274724,-1.4011799410029482,97.75,97.27230769230768,0.5212989201049264,0.1270329670329672,1.51625298577214,96.56,96.3653846153846,0.1499230571890903,0.0340109890109898,0.2699896157840136,45.55,45.135000000000005,0.4792007234273884,0.3319999999999932,1.8559928443649336,-3.559230769230794,,,,,,,,-1
ARE,United Arab Emirates,0.93,1.0784615384615384,0.1089224612469923,-0.0279120879120878,-25.59999999999999,100.0,99.93384615384616,0.0706562643529059,0.0173626373626365,0.1903616872056885,99.09,99.10615384615384,0.0104390784542695,-0.0025824175824194,-0.030266343825667,99.27,99.18384615384616,0.0695866919195594,0.0177472527472582,0.2018774603815513,,,,,,0.827692307692331,,,,,,,,2
GBR,United Kingdom,0.54,0.6123076923076923,0.0623369668487121,-0.0154945054945055,-27.027027027027025,100.0,100.0,0.0,-1.1147911615022624e-15,0.0,99.1,99.11153846153844,0.0055470019622551,-0.0011538461538441,-0.0201775625504542,99.45,99.42153846153847,0.0270327436781631,0.0066483516483523,0.0805071953305809,,,,,,0.8884615384615557,,,,,,,,2
USA,United States of America,0.89,0.9800000000000002,0.0692820323027551,-0.0176923076923076,-19.090909090909097,99.96,99.50076923076924,0.3093396606337832,0.0793956043956078,0.959499040500948,99.63,99.7446153846154,0.0780614485107059,-0.0199999999999973,-0.2403124061279754,99.45,99.29615384615386,0.1099650294062036,0.0281868131868156,0.3329297820823227,,,,,,-0.2438461538461638,,,,,,,,4
URY,Uruguay,0.83,1.1546153846153844,0.2252633786117702,-0.0575274725274724,-43.5374149659864,99.51,99.13692307692308,0.3988605565730266,0.0975274725274756,1.13832706575872,98.32,96.87153846153844,1.0904039477325669,0.2792857142857177,3.33158171308459,98.89,98.1369230769231,0.5951664279200187,0.1520329670329661,1.7700936503035904,,,,,,2.265384615384633,,,,,,,,1
UZB,Uzbekistan,1.52,2.1207692307692305,0.5818141389719679,-0.143021978021978,-54.21686746987952,96.62,94.38923076923076,1.512643720656332,0.3882417582417606,4.998913279721809,96.31,95.57461538461538,0.4729097056982351,0.1214285714285717,1.5392725355825072,96.94,95.67538461538462,0.9231342930889967,0.2359890109890146,3.029014773089589,43.03,42.74,0.3348631561299819,0.2319999999999884,1.3663133097762032,-1.1853846153846206,,,,,,,,1
VUT,Vanuatu,3.57,4.266923076923077,0.4700068193722408,-0.1187362637362637,-25.469728601252612,91.34,88.79923076923077,1.6463670183086012,0.4227472527472549,5.88917226988175,46.71,49.89615384615384,2.0360154651571225,-0.5227472527472512,-11.83465458663646,77.7,77.59461538461541,0.0904263406144647,0.0215384615384654,0.2063451122001503,25.88,25.549999999999997,0.3810511776651531,0.2639999999999966,2.6169706582077725,38.90307692307693,,,,,,,,1
VEN,Venezuela,3.23,2.9099999999999997,0.3670376910709126,0.0854945054945056,32.92181069958847,93.33,94.39461538461538,0.6900919671151965,-0.1771978021978013,-2.2313010685103665,98.4,95.03384615384616,2.0177071907718207,0.5151648351648385,7.131192161132294,95.75,95.13307692307691,0.2975842910108148,0.0731868131868185,1.1621764395139929,,,,,,-0.6392307692307782,,,,,,,,3
VNM,Viet Nam,4.24,4.453846153846154,0.1610661593641186,-0.0412087912087909,-10.16949152542372,97.96,93.48230769230769,3.011663864173626,0.7729120879120908,10.265646105357936,92.17,80.9123076923077,7.393823045675981,1.8984615384615424,32.80979827089337,94.75,89.40846153846154,3.540204434195494,0.9089560439560443,12.918603265403414,,,,,,12.56999999999998,,,,,,,,0
YEM,Yemen,16.11,14.946153846153846,0.9068676719119356,0.1993406593406597,15.318539727988536,61.76,56.625384615384625,3.801628193692397,0.9740109890109894,22.22442113595883,54.84,52.24076923076924,1.723351683679517,0.4414285714285735,10.23115577889448,64.76,62.71999999999999,1.4976926698536437,0.3797802197802195,7.378544188360143,,,,,,4.384615384615387,,,,,,,,0
ZMB,Zambia,18.23,22.60846153846154,3.513224649221486,-0.8658791208791209,-36.98582786035257,68.25,63.663076923076915,3.637722237461661,0.9285714285714294,18.161357340720222,36.3,32.980000000000004,2.7692056622793473,0.7047802197802207,27.72695285010554,59.76,55.10846153846153,3.724707698047919,0.944120879120881,22.710472279260767,67.0,67.75,0.8660254037844386,-0.60000000000001,-2.18978102189781,30.68307692307691,,,,,,,,0
ZWE,Zimbabwe,14.32,20.46076923076923,6.502072056324893,-1.519340659340659,-59.17901938426453,62.29,64.59461538461538,1.806417335430434,-0.4617582417582396,-7.773171453953223,34.62,37.60076923076923,2.2395105921400975,-0.5736263736263741,-15.889212827988338,59.03,57.950769230769225,1.8232866913829977,0.3563736263736284,10.605208918868286,60.65,61.370000000000005,0.8313843876330639,-0.5760000000000145,-2.319214044129497,26.99384615384615,,,,,,,,0
